Freq_GHz,S11_dB,Ldir,Ldri,L1,Sdir,Sref,Wdri,SimulationIndex,SimulationID
1,-1.23522101335285,15.3355760448365,46.4326277380275,14.9080698228625,13.5218074365274,20.136888075959,2.81411899826293,197,sim_197
1.005,-1.15581867960733,15.3355760448365,46.4326277380275,14.9080698228625,13.5218074365274,20.136888075959,2.81411899826293,197,sim_197
1.01,-1.08603518641247,15.3355760448365,46.4326277380275,14.9080698228625,13.5218074365274,20.136888075959,2.81411899826293,197,sim_197
1.015,-1.02485658840006,15.3355760448365,46.4326277380275,14.9080698228625,13.5218074365274,20.136888075959,2.81411899826293,197,sim_197
1.02,-0.971381158680035,15.3355760448365,46.4326277380275,14.9080698228625,13.5218074365274,20.136888075959,2.81411899826293,197,sim_197
1.025,-0.924809987899954,15.3355760448365,46.4326277380275,14.9080698228625,13.5218074365274,20.136888075959,2.81411899826293,197,sim_197
1.03,-0.884437275290554,15.3355760448365,46.4326277380275,14.9080698228625,13.5218074365274,20.136888075959,2.81411899826293,197,sim_197
1.035,-0.849640657153631,15.3355760448365,46.4326277380275,14.9080698228625,13.5218074365274,20.136888075959,2.81411899826293,197,sim_197
1.04,-0.819871804614619,15.3355760448365,46.4326277380275,14.9080698228625,13.5218074365274,20.136888075959,2.81411899826293,197,sim_197
1.045,-0.7946474404816,15.3355760448365,46.4326277380275,14.9080698228625,13.5218074365274,20.136888075959,2.81411899826293,197,sim_197
1.05,-0.773540869031137,15.3355760448365,46.4326277380275,14.9080698228625,13.5218074365274,20.136888075959,2.81411899826293,197,sim_197
1.055,-0.756174077145256,15.3355760448365,46.4326277380275,14.9080698228625,13.5218074365274,20.136888075959,2.81411899826293,197,sim_197
1.06,-0.742210445554012,15.3355760448365,46.4326277380275,14.9080698228625,13.5218074365274,20.136888075959,2.81411899826293,197,sim_197
1.065,-0.731348100504287,15.3355760448365,46.4326277380275,14.9080698228625,13.5218074365274,20.136888075959,2.81411899826293,197,sim_197
1.07,-0.723313934834344,15.3355760448365,46.4326277380275,14.9080698228625,13.5218074365274,20.136888075959,2.81411899826293,197,sim_197
1.075,-0.717858329361408,15.3355760448365,46.4326277380275,14.9080698228625,13.5218074365274,20.136888075959,2.81411899826293,197,sim_197
1.08,-0.714750607217228,15.3355760448365,46.4326277380275,14.9080698228625,13.5218074365274,20.136888075959,2.81411899826293,197,sim_197
1.085,-0.713775252314697,15.3355760448365,46.4326277380275,14.9080698228625,13.5218074365274,20.136888075959,2.81411899826293,197,sim_197
1.09,-0.714728916215614,15.3355760448365,46.4326277380275,14.9080698228625,13.5218074365274,20.136888075959,2.81411899826293,197,sim_197
1.095,-0.717418223969496,15.3355760448365,46.4326277380275,14.9080698228625,13.5218074365274,20.136888075959,2.81411899826293,197,sim_197
1.1,-0.721658368861627,15.3355760448365,46.4326277380275,14.9080698228625,13.5218074365274,20.136888075959,2.81411899826293,197,sim_197
1.105,-0.727272459608449,15.3355760448365,46.4326277380275,14.9080698228625,13.5218074365274,20.136888075959,2.81411899826293,197,sim_197
1.11,-0.734091553778547,15.3355760448365,46.4326277380275,14.9080698228625,13.5218074365274,20.136888075959,2.81411899826293,197,sim_197
1.115,-0.741955281469196,15.3355760448365,46.4326277380275,14.9080698228625,13.5218074365274,20.136888075959,2.81411899826293,197,sim_197
1.12,-0.750712937364467,15.3355760448365,46.4326277380275,14.9080698228625,13.5218074365274,20.136888075959,2.81411899826293,197,sim_197
1.125,-0.760224900896652,15.3355760448365,46.4326277380275,14.9080698228625,13.5218074365274,20.136888075959,2.81411899826293,197,sim_197
1.13,-0.770364236149899,15.3355760448365,46.4326277380275,14.9080698228625,13.5218074365274,20.136888075959,2.81411899826293,197,sim_197
1.135,-0.781018326846621,15.3355760448365,46.4326277380275,14.9080698228625,13.5218074365274,20.136888075959,2.81411899826293,197,sim_197
1.14,-0.792090417077813,15.3355760448365,46.4326277380275,14.9080698228625,13.5218074365274,20.136888075959,2.81411899826293,197,sim_197
1.145,-0.803500953631577,15.3355760448365,46.4326277380275,14.9080698228625,13.5218074365274,20.136888075959,2.81411899826293,197,sim_197
1.15,-0.81518865786413,15.3355760448365,46.4326277380275,14.9080698228625,13.5218074365274,20.136888075959,2.81411899826293,197,sim_197
1.155,-0.827111290400972,15.3355760448365,46.4326277380275,14.9080698228625,13.5218074365274,20.136888075959,2.81411899826293,197,sim_197
1.16,-0.839246106880087,15.3355760448365,46.4326277380275,14.9080698228625,13.5218074365274,20.136888075959,2.81411899826293,197,sim_197
1.165,-0.851590034324796,15.3355760448365,46.4326277380275,14.9080698228625,13.5218074365274,20.136888075959,2.81411899826293,197,sim_197
1.17,-0.864159623378068,15.3355760448365,46.4326277380275,14.9080698228625,13.5218074365274,20.136888075959,2.81411899826293,197,sim_197
1.175,-0.876990850484958,15.3355760448365,46.4326277380275,14.9080698228625,13.5218074365274,20.136888075959,2.81411899826293,197,sim_197
1.18,-0.890138856213491,15.3355760448365,46.4326277380275,14.9080698228625,13.5218074365274,20.136888075959,2.81411899826293,197,sim_197
1.185,-0.903677712199324,15.3355760448365,46.4326277380275,14.9080698228625,13.5218074365274,20.136888075959,2.81411899826293,197,sim_197
1.19,-0.917700311256721,15.3355760448365,46.4326277380275,14.9080698228625,13.5218074365274,20.136888075959,2.81411899826293,197,sim_197
1.195,-0.932318474935938,15.3355760448365,46.4326277380275,14.9080698228625,13.5218074365274,20.136888075959,2.81411899826293,197,sim_197
1.2,-0.947663372242458,15.3355760448365,46.4326277380275,14.9080698228625,13.5218074365274,20.136888075959,2.81411899826293,197,sim_197
1.205,-0.963886344328259,15.3355760448365,46.4326277380275,14.9080698228625,13.5218074365274,20.136888075959,2.81411899826293,197,sim_197
1.21,-0.981160234536553,15.3355760448365,46.4326277380275,14.9080698228625,13.5218074365274,20.136888075959,2.81411899826293,197,sim_197
1.215,-0.999681332902261,15.3355760448365,46.4326277380275,14.9080698228625,13.5218074365274,20.136888075959,2.81411899826293,197,sim_197
1.22,-1.01967206064511,15.3355760448365,46.4326277380275,14.9080698228625,13.5218074365274,20.136888075959,2.81411899826293,197,sim_197
1.225,-1.04138454484969,15.3355760448365,46.4326277380275,14.9080698228625,13.5218074365274,20.136888075959,2.81411899826293,197,sim_197
1.23,-1.0651052678688,15.3355760448365,46.4326277380275,14.9080698228625,13.5218074365274,20.136888075959,2.81411899826293,197,sim_197
1.235,-1.09116102130593,15.3355760448365,46.4326277380275,14.9080698228625,13.5218074365274,20.136888075959,2.81411899826293,197,sim_197
1.24,-1.11992645146099,15.3355760448365,46.4326277380275,14.9080698228625,13.5218074365274,20.136888075959,2.81411899826293,197,sim_197
1.245,-1.15183355106617,15.3355760448365,46.4326277380275,14.9080698228625,13.5218074365274,20.136888075959,2.81411899826293,197,sim_197
1.25,-1.18738352661178,15.3355760448365,46.4326277380275,14.9080698228625,13.5218074365274,20.136888075959,2.81411899826293,197,sim_197
1.255,-1.22716153934524,15.3355760448365,46.4326277380275,14.9080698228625,13.5218074365274,20.136888075959,2.81411899826293,197,sim_197
1.26,-1.27185485257343,15.3355760448365,46.4326277380275,14.9080698228625,13.5218074365274,20.136888075959,2.81411899826293,197,sim_197
1.265,-1.32227485661508,15.3355760448365,46.4326277380275,14.9080698228625,13.5218074365274,20.136888075959,2.81411899826293,197,sim_197
1.27,-1.37938315840951,15.3355760448365,46.4326277380275,14.9080698228625,13.5218074365274,20.136888075959,2.81411899826293,197,sim_197
1.275,-1.4443211598563,15.3355760448365,46.4326277380275,14.9080698228625,13.5218074365274,20.136888075959,2.81411899826293,197,sim_197
1.28,-1.51844080521631,15.3355760448365,46.4326277380275,14.9080698228625,13.5218074365274,20.136888075959,2.81411899826293,197,sim_197
1.285,-1.60333048787177,15.3355760448365,46.4326277380275,14.9080698228625,13.5218074365274,20.136888075959,2.81411899826293,197,sim_197
1.29,-1.70082266882444,15.3355760448365,46.4326277380275,14.9080698228625,13.5218074365274,20.136888075959,2.81411899826293,197,sim_197
1.295,-1.81295537252367,15.3355760448365,46.4326277380275,14.9080698228625,13.5218074365274,20.136888075959,2.81411899826293,197,sim_197
1.3,-1.94183321184418,15.3355760448365,46.4326277380275,14.9080698228625,13.5218074365274,20.136888075959,2.81411899826293,197,sim_197
1.305,-2.08928823816716,15.3355760448365,46.4326277380275,14.9080698228625,13.5218074365274,20.136888075959,2.81411899826293,197,sim_197
1.31,-2.25617364601911,15.3355760448365,46.4326277380275,14.9080698228625,13.5218074365274,20.136888075959,2.81411899826293,197,sim_197
1.315,-2.44105500563281,15.3355760448365,46.4326277380275,14.9080698228625,13.5218074365274,20.136888075959,2.81411899826293,197,sim_197
1.32,-2.63809392651372,15.3355760448365,46.4326277380275,14.9080698228625,13.5218074365274,20.136888075959,2.81411899826293,197,sim_197
1.325,-2.83432002969467,15.3355760448365,46.4326277380275,14.9080698228625,13.5218074365274,20.136888075959,2.81411899826293,197,sim_197
1.33,-3.00768487714583,15.3355760448365,46.4326277380275,14.9080698228625,13.5218074365274,20.136888075959,2.81411899826293,197,sim_197
1.335,-3.12916486355191,15.3355760448365,46.4326277380275,14.9080698228625,13.5218074365274,20.136888075959,2.81411899826293,197,sim_197
1.34,-3.17229520737686,15.3355760448365,46.4326277380275,14.9080698228625,13.5218074365274,20.136888075959,2.81411899826293,197,sim_197
1.345,-3.12765272867459,15.3355760448365,46.4326277380275,14.9080698228625,13.5218074365274,20.136888075959,2.81411899826293,197,sim_197
1.35,-3.01091503936822,15.3355760448365,46.4326277380275,14.9080698228625,13.5218074365274,20.136888075959,2.81411899826293,197,sim_197
1.355,-2.85554989126819,15.3355760448365,46.4326277380275,14.9080698228625,13.5218074365274,20.136888075959,2.81411899826293,197,sim_197
1.36,-2.69657894320808,15.3355760448365,46.4326277380275,14.9080698228625,13.5218074365274,20.136888075959,2.81411899826293,197,sim_197
1.365,-2.5588562106088,15.3355760448365,46.4326277380275,14.9080698228625,13.5218074365274,20.136888075959,2.81411899826293,197,sim_197
1.37,-2.45474410852856,15.3355760448365,46.4326277380275,14.9080698228625,13.5218074365274,20.136888075959,2.81411899826293,197,sim_197
1.375,-2.38738752399669,15.3355760448365,46.4326277380275,14.9080698228625,13.5218074365274,20.136888075959,2.81411899826293,197,sim_197
1.38,-2.35491076766552,15.3355760448365,46.4326277380275,14.9080698228625,13.5218074365274,20.136888075959,2.81411899826293,197,sim_197
1.385,-2.35344843661714,15.3355760448365,46.4326277380275,14.9080698228625,13.5218074365274,20.136888075959,2.81411899826293,197,sim_197
1.39,-2.37881708887983,15.3355760448365,46.4326277380275,14.9080698228625,13.5218074365274,20.136888075959,2.81411899826293,197,sim_197
1.395,-2.42725596737298,15.3355760448365,46.4326277380275,14.9080698228625,13.5218074365274,20.136888075959,2.81411899826293,197,sim_197
1.4,-2.49566113801286,15.3355760448365,46.4326277380275,14.9080698228625,13.5218074365274,20.136888075959,2.81411899826293,197,sim_197
1.405,-2.58158593396414,15.3355760448365,46.4326277380275,14.9080698228625,13.5218074365274,20.136888075959,2.81411899826293,197,sim_197
1.41,-2.68315296724558,15.3355760448365,46.4326277380275,14.9080698228625,13.5218074365274,20.136888075959,2.81411899826293,197,sim_197
1.415,-2.79894570767293,15.3355760448365,46.4326277380275,14.9080698228625,13.5218074365274,20.136888075959,2.81411899826293,197,sim_197
1.42,-2.9279074321139,15.3355760448365,46.4326277380275,14.9080698228625,13.5218074365274,20.136888075959,2.81411899826293,197,sim_197
1.425,-3.0692564429167,15.3355760448365,46.4326277380275,14.9080698228625,13.5218074365274,20.136888075959,2.81411899826293,197,sim_197
1.43,-3.2224184023559,15.3355760448365,46.4326277380275,14.9080698228625,13.5218074365274,20.136888075959,2.81411899826293,197,sim_197
1.435,-3.3869736844746,15.3355760448365,46.4326277380275,14.9080698228625,13.5218074365274,20.136888075959,2.81411899826293,197,sim_197
1.44,-3.56261692881335,15.3355760448365,46.4326277380275,14.9080698228625,13.5218074365274,20.136888075959,2.81411899826293,197,sim_197
1.445,-3.74912613868597,15.3355760448365,46.4326277380275,14.9080698228625,13.5218074365274,20.136888075959,2.81411899826293,197,sim_197
1.45,-3.94633909919392,15.3355760448365,46.4326277380275,14.9080698228625,13.5218074365274,20.136888075959,2.81411899826293,197,sim_197
1.455,-4.15413535004709,15.3355760448365,46.4326277380275,14.9080698228625,13.5218074365274,20.136888075959,2.81411899826293,197,sim_197
1.46,-4.37242234726667,15.3355760448365,46.4326277380275,14.9080698228625,13.5218074365274,20.136888075959,2.81411899826293,197,sim_197
1.465,-4.60112476512642,15.3355760448365,46.4326277380275,14.9080698228625,13.5218074365274,20.136888075959,2.81411899826293,197,sim_197
1.47,-4.84017613030213,15.3355760448365,46.4326277380275,14.9080698228625,13.5218074365274,20.136888075959,2.81411899826293,197,sim_197
1.475,-5.08951215716054,15.3355760448365,46.4326277380275,14.9080698228625,13.5218074365274,20.136888075959,2.81411899826293,197,sim_197
1.48,-5.3490652801079,15.3355760448365,46.4326277380275,14.9080698228625,13.5218074365274,20.136888075959,2.81411899826293,197,sim_197
1.485,-5.61875996774185,15.3355760448365,46.4326277380275,14.9080698228625,13.5218074365274,20.136888075959,2.81411899826293,197,sim_197
1.49,-5.89850846354369,15.3355760448365,46.4326277380275,14.9080698228625,13.5218074365274,20.136888075959,2.81411899826293,197,sim_197
1.495,-6.18820663608683,15.3355760448365,46.4326277380275,14.9080698228625,13.5218074365274,20.136888075959,2.81411899826293,197,sim_197
1.5,-6.48772964345665,15.3355760448365,46.4326277380275,14.9080698228625,13.5218074365274,20.136888075959,2.81411899826293,197,sim_197
1.505,-6.79692712566642,15.3355760448365,46.4326277380275,14.9080698228625,13.5218074365274,20.136888075959,2.81411899826293,197,sim_197
1.51,-7.11561763831903,15.3355760448365,46.4326277380275,14.9080698228625,13.5218074365274,20.136888075959,2.81411899826293,197,sim_197
1.515,-7.44358203319576,15.3355760448365,46.4326277380275,14.9080698228625,13.5218074365274,20.136888075959,2.81411899826293,197,sim_197
1.52,-7.78055547950454,15.3355760448365,46.4326277380275,14.9080698228625,13.5218074365274,20.136888075959,2.81411899826293,197,sim_197
1.525,-8.1262178064507,15.3355760448365,46.4326277380275,14.9080698228625,13.5218074365274,20.136888075959,2.81411899826293,197,sim_197
1.53,-8.48018183813844,15.3355760448365,46.4326277380275,14.9080698228625,13.5218074365274,20.136888075959,2.81411899826293,197,sim_197
1.535,-8.84197939218566,15.3355760448365,46.4326277380275,14.9080698228625,13.5218074365274,20.136888075959,2.81411899826293,197,sim_197
1.54,-9.2110446335615,15.3355760448365,46.4326277380275,14.9080698228625,13.5218074365274,20.136888075959,2.81411899826293,197,sim_197
1.545,-9.58669452905549,15.3355760448365,46.4326277380275,14.9080698228625,13.5218074365274,20.136888075959,2.81411899826293,197,sim_197
1.55,-9.96810625507181,15.3355760448365,46.4326277380275,14.9080698228625,13.5218074365274,20.136888075959,2.81411899826293,197,sim_197
1.555,-10.3542915984195,15.3355760448365,46.4326277380275,14.9080698228625,13.5218074365274,20.136888075959,2.81411899826293,197,sim_197
1.56,-10.7440686898009,15.3355760448365,46.4326277380275,14.9080698228625,13.5218074365274,20.136888075959,2.81411899826293,197,sim_197
1.565,-11.1360318617366,15.3355760448365,46.4326277380275,14.9080698228625,13.5218074365274,20.136888075959,2.81411899826293,197,sim_197
1.57,-11.5285210663323,15.3355760448365,46.4326277380275,14.9080698228625,13.5218074365274,20.136888075959,2.81411899826293,197,sim_197
1.575,-11.9195931530218,15.3355760448365,46.4326277380275,14.9080698228625,13.5218074365274,20.136888075959,2.81411899826293,197,sim_197
1.58,-12.3069983919879,15.3355760448365,46.4326277380275,14.9080698228625,13.5218074365274,20.136888075959,2.81411899826293,197,sim_197
1.585,-12.6881668752082,15.3355760448365,46.4326277380275,14.9080698228625,13.5218074365274,20.136888075959,2.81411899826293,197,sim_197
1.59,-13.0602106742608,15.3355760448365,46.4326277380275,14.9080698228625,13.5218074365274,20.136888075959,2.81411899826293,197,sim_197
1.595,-13.4199485823927,15.3355760448365,46.4326277380275,14.9080698228625,13.5218074365274,20.136888075959,2.81411899826293,197,sim_197
1.6,-13.7639604584881,15.3355760448365,46.4326277380275,14.9080698228625,13.5218074365274,20.136888075959,2.81411899826293,197,sim_197
1.605,-14.0886770405878,15.3355760448365,46.4326277380275,14.9080698228625,13.5218074365274,20.136888075959,2.81411899826293,197,sim_197
1.61,-14.3905080397248,15.3355760448365,46.4326277380275,14.9080698228625,13.5218074365274,20.136888075959,2.81411899826293,197,sim_197
1.615,-14.6660060709646,15.3355760448365,46.4326277380275,14.9080698228625,13.5218074365274,20.136888075959,2.81411899826293,197,sim_197
1.62,-14.9120568584882,15.3355760448365,46.4326277380275,14.9080698228625,13.5218074365274,20.136888075959,2.81411899826293,197,sim_197
1.625,-15.1260783956212,15.3355760448365,46.4326277380275,14.9080698228625,13.5218074365274,20.136888075959,2.81411899826293,197,sim_197
1.63,-15.3062054526041,15.3355760448365,46.4326277380275,14.9080698228625,13.5218074365274,20.136888075959,2.81411899826293,197,sim_197
1.635,-15.4514334483414,15.3355760448365,46.4326277380275,14.9080698228625,13.5218074365274,20.136888075959,2.81411899826293,197,sim_197
1.64,-15.5616990237895,15.3355760448365,46.4326277380275,14.9080698228625,13.5218074365274,20.136888075959,2.81411899826293,197,sim_197
1.645,-15.6378837647413,15.3355760448365,46.4326277380275,14.9080698228625,13.5218074365274,20.136888075959,2.81411899826293,197,sim_197
1.65,-15.6817403850275,15.3355760448365,46.4326277380275,14.9080698228625,13.5218074365274,20.136888075959,2.81411899826293,197,sim_197
1.655,-15.6957537416184,15.3355760448365,46.4326277380275,14.9080698228625,13.5218074365274,20.136888075959,2.81411899826293,197,sim_197
1.66,-15.6829586723334,15.3355760448365,46.4326277380275,14.9080698228625,13.5218074365274,20.136888075959,2.81411899826293,197,sim_197
1.665,-15.6467405888583,15.3355760448365,46.4326277380275,14.9080698228625,13.5218074365274,20.136888075959,2.81411899826293,197,sim_197
1.67,-15.5906429007933,15.3355760448365,46.4326277380275,14.9080698228625,13.5218074365274,20.136888075959,2.81411899826293,197,sim_197
1.675,-15.5181993468968,15.3355760448365,46.4326277380275,14.9080698228625,13.5218074365274,20.136888075959,2.81411899826293,197,sim_197
1.68,-15.4328015952455,15.3355760448365,46.4326277380275,14.9080698228625,13.5218074365274,20.136888075959,2.81411899826293,197,sim_197
1.685,-15.3376052167251,15.3355760448365,46.4326277380275,14.9080698228625,13.5218074365274,20.136888075959,2.81411899826293,197,sim_197
1.69,-15.2354716637878,15.3355760448365,46.4326277380275,14.9080698228625,13.5218074365274,20.136888075959,2.81411899826293,197,sim_197
1.695,-15.1289406114193,15.3355760448365,46.4326277380275,14.9080698228625,13.5218074365274,20.136888075959,2.81411899826293,197,sim_197
1.7,-15.0202256965783,15.3355760448365,46.4326277380275,14.9080698228625,13.5218074365274,20.136888075959,2.81411899826293,197,sim_197
1.705,-14.9112267733628,15.3355760448365,46.4326277380275,14.9080698228625,13.5218074365274,20.136888075959,2.81411899826293,197,sim_197
1.71,-14.8035526950952,15.3355760448365,46.4326277380275,14.9080698228625,13.5218074365274,20.136888075959,2.81411899826293,197,sim_197
1.715,-14.6985498663961,15.3355760448365,46.4326277380275,14.9080698228625,13.5218074365274,20.136888075959,2.81411899826293,197,sim_197
1.72,-14.5973330623516,15.3355760448365,46.4326277380275,14.9080698228625,13.5218074365274,20.136888075959,2.81411899826293,197,sim_197
1.725,-14.5008161157168,15.3355760448365,46.4326277380275,14.9080698228625,13.5218074365274,20.136888075959,2.81411899826293,197,sim_197
1.73,-14.4097409583063,15.3355760448365,46.4326277380275,14.9080698228625,13.5218074365274,20.136888075959,2.81411899826293,197,sim_197
1.735,-14.324704164474,15.3355760448365,46.4326277380275,14.9080698228625,13.5218074365274,20.136888075959,2.81411899826293,197,sim_197
1.74,-14.2461806102856,15.3355760448365,46.4326277380275,14.9080698228625,13.5218074365274,20.136888075959,2.81411899826293,197,sim_197
1.745,-14.1745441707713,15.3355760448365,46.4326277380275,14.9080698228625,13.5218074365274,20.136888075959,2.81411899826293,197,sim_197
1.75,-14.1100855687777,15.3355760448365,46.4326277380275,14.9080698228625,13.5218074365274,20.136888075959,2.81411899826293,197,sim_197
1.755,-14.0530275963758,15.3355760448365,46.4326277380275,14.9080698228625,13.5218074365274,20.136888075959,2.81411899826293,197,sim_197
1.76,-14.003537980467,15.3355760448365,46.4326277380275,14.9080698228625,13.5218074365274,20.136888075959,2.81411899826293,197,sim_197
1.765,-13.9617401783009,15.3355760448365,46.4326277380275,14.9080698228625,13.5218074365274,20.136888075959,2.81411899826293,197,sim_197
1.77,-13.9277223804177,15.3355760448365,46.4326277380275,14.9080698228625,13.5218074365274,20.136888075959,2.81411899826293,197,sim_197
1.775,-13.9015449779104,15.3355760448365,46.4326277380275,14.9080698228625,13.5218074365274,20.136888075959,2.81411899826293,197,sim_197
1.78,-13.8832467243327,15.3355760448365,46.4326277380275,14.9080698228625,13.5218074365274,20.136888075959,2.81411899826293,197,sim_197
1.785,-13.8728497941558,15.3355760448365,46.4326277380275,14.9080698228625,13.5218074365274,20.136888075959,2.81411899826293,197,sim_197
1.79,-13.8703639118468,15.3355760448365,46.4326277380275,14.9080698228625,13.5218074365274,20.136888075959,2.81411899826293,197,sim_197
1.795,-13.8757896997571,15.3355760448365,46.4326277380275,14.9080698228625,13.5218074365274,20.136888075959,2.81411899826293,197,sim_197
1.8,-13.8891213697075,15.3355760448365,46.4326277380275,14.9080698228625,13.5218074365274,20.136888075959,2.81411899826293,197,sim_197
1.805,-13.910348862655,15.3355760448365,46.4326277380275,14.9080698228625,13.5218074365274,20.136888075959,2.81411899826293,197,sim_197
1.81,-13.9394595230665,15.3355760448365,46.4326277380275,14.9080698228625,13.5218074365274,20.136888075959,2.81411899826293,197,sim_197
1.815,-13.9764393794224,15.3355760448365,46.4326277380275,14.9080698228625,13.5218074365274,20.136888075959,2.81411899826293,197,sim_197
1.82,-14.0212740893663,15.3355760448365,46.4326277380275,14.9080698228625,13.5218074365274,20.136888075959,2.81411899826293,197,sim_197
1.825,-14.0739495971473,15.3355760448365,46.4326277380275,14.9080698228625,13.5218074365274,20.136888075959,2.81411899826293,197,sim_197
1.83,-14.134452541885,15.3355760448365,46.4326277380275,14.9080698228625,13.5218074365274,20.136888075959,2.81411899826293,197,sim_197
1.835,-14.2027704476148,15.3355760448365,46.4326277380275,14.9080698228625,13.5218074365274,20.136888075959,2.81411899826293,197,sim_197
1.84,-14.2788917198043,15.3355760448365,46.4326277380275,14.9080698228625,13.5218074365274,20.136888075959,2.81411899826293,197,sim_197
1.845,-14.362805467937,15.3355760448365,46.4326277380275,14.9080698228625,13.5218074365274,20.136888075959,2.81411899826293,197,sim_197
1.85,-14.4545011696739,15.3355760448365,46.4326277380275,14.9080698228625,13.5218074365274,20.136888075959,2.81411899826293,197,sim_197
1.855,-14.5539681889643,15.3355760448365,46.4326277380275,14.9080698228625,13.5218074365274,20.136888075959,2.81411899826293,197,sim_197
1.86,-14.6611951582047,15.3355760448365,46.4326277380275,14.9080698228625,13.5218074365274,20.136888075959,2.81411899826293,197,sim_197
1.865,-14.7761692331422,15.3355760448365,46.4326277380275,14.9080698228625,13.5218074365274,20.136888075959,2.81411899826293,197,sim_197
1.87,-14.8988752286957,15.3355760448365,46.4326277380275,14.9080698228625,13.5218074365274,20.136888075959,2.81411899826293,197,sim_197
1.875,-15.0292946442973,15.3355760448365,46.4326277380275,14.9080698228625,13.5218074365274,20.136888075959,2.81411899826293,197,sim_197
1.88,-15.167404588828,15.3355760448365,46.4326277380275,14.9080698228625,13.5218074365274,20.136888075959,2.81411899826293,197,sim_197
1.885,-15.3131766179003,15.3355760448365,46.4326277380275,14.9080698228625,13.5218074365274,20.136888075959,2.81411899826293,197,sim_197
1.89,-15.4665755002919,15.3355760448365,46.4326277380275,14.9080698228625,13.5218074365274,20.136888075959,2.81411899826293,197,sim_197
1.895,-15.6275579360083,15.3355760448365,46.4326277380275,14.9080698228625,13.5218074365274,20.136888075959,2.81411899826293,197,sim_197
1.9,-15.7960712560112,15.3355760448365,46.4326277380275,14.9080698228625,13.5218074365274,20.136888075959,2.81411899826293,197,sim_197
1.905,-15.9720521433875,15.3355760448365,46.4326277380275,14.9080698228625,13.5218074365274,20.136888075959,2.81411899826293,197,sim_197
1.91,-16.155425427985,15.3355760448365,46.4326277380275,14.9080698228625,13.5218074365274,20.136888075959,2.81411899826293,197,sim_197
1.915,-16.3461030216101,15.3355760448365,46.4326277380275,14.9080698228625,13.5218074365274,20.136888075959,2.81411899826293,197,sim_197
1.92,-16.5439830790607,15.3355760448365,46.4326277380275,14.9080698228625,13.5218074365274,20.136888075959,2.81411899826293,197,sim_197
1.925,-16.7489494917516,15.3355760448365,46.4326277380275,14.9080698228625,13.5218074365274,20.136888075959,2.81411899826293,197,sim_197
1.93,-16.9608718455559,15.3355760448365,46.4326277380275,14.9080698228625,13.5218074365274,20.136888075959,2.81411899826293,197,sim_197
1.935,-17.1796060025836,15.3355760448365,46.4326277380275,14.9080698228625,13.5218074365274,20.136888075959,2.81411899826293,197,sim_197
1.94,-17.4049954975045,15.3355760448365,46.4326277380275,14.9080698228625,13.5218074365274,20.136888075959,2.81411899826293,197,sim_197
1.945,-17.6368739718864,15.3355760448365,46.4326277380275,14.9080698228625,13.5218074365274,20.136888075959,2.81411899826293,197,sim_197
1.95,-17.8750689035466,15.3355760448365,46.4326277380275,14.9080698228625,13.5218074365274,20.136888075959,2.81411899826293,197,sim_197
1.955,-18.1194069203192,15.3355760448365,46.4326277380275,14.9080698228625,13.5218074365274,20.136888075959,2.81411899826293,197,sim_197
1.96,-18.3697210165948,15.3355760448365,46.4326277380275,14.9080698228625,13.5218074365274,20.136888075959,2.81411899826293,197,sim_197
1.965,-18.6258600138301,15.3355760448365,46.4326277380275,14.9080698228625,13.5218074365274,20.136888075959,2.81411899826293,197,sim_197
1.97,-18.8877006201341,15.3355760448365,46.4326277380275,14.9080698228625,13.5218074365274,20.136888075959,2.81411899826293,197,sim_197
1.975,-19.1551624466335,15.3355760448365,46.4326277380275,14.9080698228625,13.5218074365274,20.136888075959,2.81411899826293,197,sim_197
1.98,-19.4282263282378,15.3355760448365,46.4326277380275,14.9080698228625,13.5218074365274,20.136888075959,2.81411899826293,197,sim_197
1.985,-19.706956274357,15.3355760448365,46.4326277380275,14.9080698228625,13.5218074365274,20.136888075959,2.81411899826293,197,sim_197
1.99,-19.9915253448833,15.3355760448365,46.4326277380275,14.9080698228625,13.5218074365274,20.136888075959,2.81411899826293,197,sim_197
1.995,-20.2822457163678,15.3355760448365,46.4326277380275,14.9080698228625,13.5218074365274,20.136888075959,2.81411899826293,197,sim_197
2,-20.5796031861397,15.3355760448365,46.4326277380275,14.9080698228625,13.5218074365274,20.136888075959,2.81411899826293,197,sim_197
2.005,-20.8842963771116,15.3355760448365,46.4326277380275,14.9080698228625,13.5218074365274,20.136888075959,2.81411899826293,197,sim_197
2.01,-21.1972809776563,15.3355760448365,46.4326277380275,14.9080698228625,13.5218074365274,20.136888075959,2.81411899826293,197,sim_197
2.015,-21.5198195075369,15.3355760448365,46.4326277380275,14.9080698228625,13.5218074365274,20.136888075959,2.81411899826293,197,sim_197
2.02,-21.8535373713713,15.3355760448365,46.4326277380275,14.9080698228625,13.5218074365274,20.136888075959,2.81411899826293,197,sim_197
2.025,-22.2004863690737,15.3355760448365,46.4326277380275,14.9080698228625,13.5218074365274,20.136888075959,2.81411899826293,197,sim_197
2.03,-22.5632173852928,15.3355760448365,46.4326277380275,14.9080698228625,13.5218074365274,20.136888075959,2.81411899826293,197,sim_197
2.035,-22.9448646459159,15.3355760448365,46.4326277380275,14.9080698228625,13.5218074365274,20.136888075959,2.81411899826293,197,sim_197
2.04,-23.3492445931852,15.3355760448365,46.4326277380275,14.9080698228625,13.5218074365274,20.136888075959,2.81411899826293,197,sim_197
2.045,-23.7809727856534,15.3355760448365,46.4326277380275,14.9080698228625,13.5218074365274,20.136888075959,2.81411899826293,197,sim_197
2.05,-24.2456015344357,15.3355760448365,46.4326277380275,14.9080698228625,13.5218074365274,20.136888075959,2.81411899826293,197,sim_197
2.055,-24.7497774894144,15.3355760448365,46.4326277380275,14.9080698228625,13.5218074365274,20.136888075959,2.81411899826293,197,sim_197
2.06,-25.3014079273627,15.3355760448365,46.4326277380275,14.9080698228625,13.5218074365274,20.136888075959,2.81411899826293,197,sim_197
2.065,-25.9097970772478,15.3355760448365,46.4326277380275,14.9080698228625,13.5218074365274,20.136888075959,2.81411899826293,197,sim_197
2.07,-26.5856450723785,15.3355760448365,46.4326277380275,14.9080698228625,13.5218074365274,20.136888075959,2.81411899826293,197,sim_197
2.075,-27.3406317427151,15.3355760448365,46.4326277380275,14.9080698228625,13.5218074365274,20.136888075959,2.81411899826293,197,sim_197
2.08,-28.1858859752219,15.3355760448365,46.4326277380275,14.9080698228625,13.5218074365274,20.136888075959,2.81411899826293,197,sim_197
2.085,-29.1276113709623,15.3355760448365,46.4326277380275,14.9080698228625,13.5218074365274,20.136888075959,2.81411899826293,197,sim_197
2.09,-30.1557720246635,15.3355760448365,46.4326277380275,14.9080698228625,13.5218074365274,20.136888075959,2.81411899826293,197,sim_197
2.095,-31.2174631918744,15.3355760448365,46.4326277380275,14.9080698228625,13.5218074365274,20.136888075959,2.81411899826293,197,sim_197
2.1,-32.1659750550964,15.3355760448365,46.4326277380275,14.9080698228625,13.5218074365274,20.136888075959,2.81411899826293,197,sim_197
2.105,-32.7142202521143,15.3355760448365,46.4326277380275,14.9080698228625,13.5218074365274,20.136888075959,2.81411899826293,197,sim_197
2.11,-32.5360466962475,15.3355760448365,46.4326277380275,14.9080698228625,13.5218074365274,20.136888075959,2.81411899826293,197,sim_197
2.115,-31.5729609186245,15.3355760448365,46.4326277380275,14.9080698228625,13.5218074365274,20.136888075959,2.81411899826293,197,sim_197
2.12,-30.1054522850017,15.3355760448365,46.4326277380275,14.9080698228625,13.5218074365274,20.136888075959,2.81411899826293,197,sim_197
2.125,-28.456390729125,15.3355760448365,46.4326277380275,14.9080698228625,13.5218074365274,20.136888075959,2.81411899826293,197,sim_197
2.13,-26.8139314278357,15.3355760448365,46.4326277380275,14.9080698228625,13.5218074365274,20.136888075959,2.81411899826293,197,sim_197
2.135,-25.2540806225384,15.3355760448365,46.4326277380275,14.9080698228625,13.5218074365274,20.136888075959,2.81411899826293,197,sim_197
2.14,-23.7972700135176,15.3355760448365,46.4326277380275,14.9080698228625,13.5218074365274,20.136888075959,2.81411899826293,197,sim_197
2.145,-22.4417697381069,15.3355760448365,46.4326277380275,14.9080698228625,13.5218074365274,20.136888075959,2.81411899826293,197,sim_197
2.15,-21.1784992222003,15.3355760448365,46.4326277380275,14.9080698228625,13.5218074365274,20.136888075959,2.81411899826293,197,sim_197
2.155,-19.9968906250503,15.3355760448365,46.4326277380275,14.9080698228625,13.5218074365274,20.136888075959,2.81411899826293,197,sim_197
2.16,-18.8870103779735,15.3355760448365,46.4326277380275,14.9080698228625,13.5218074365274,20.136888075959,2.81411899826293,197,sim_197
2.165,-17.8401968740492,15.3355760448365,46.4326277380275,14.9080698228625,13.5218074365274,20.136888075959,2.81411899826293,197,sim_197
2.17,-16.8491352924332,15.3355760448365,46.4326277380275,14.9080698228625,13.5218074365274,20.136888075959,2.81411899826293,197,sim_197
2.175,-15.9077376676897,15.3355760448365,46.4326277380275,14.9080698228625,13.5218074365274,20.136888075959,2.81411899826293,197,sim_197
2.18,-15.0109724855058,15.3355760448365,46.4326277380275,14.9080698228625,13.5218074365274,20.136888075959,2.81411899826293,197,sim_197
2.185,-14.154697636081,15.3355760448365,46.4326277380275,14.9080698228625,13.5218074365274,20.136888075959,2.81411899826293,197,sim_197
2.19,-13.3355141669604,15.3355760448365,46.4326277380275,14.9080698228625,13.5218074365274,20.136888075959,2.81411899826293,197,sim_197
2.195,-12.5506439795802,15.3355760448365,46.4326277380275,14.9080698228625,13.5218074365274,20.136888075959,2.81411899826293,197,sim_197
2.2,-11.7978293805803,15.3355760448365,46.4326277380275,14.9080698228625,13.5218074365274,20.136888075959,2.81411899826293,197,sim_197
2.205,-11.0752508480823,15.3355760448365,46.4326277380275,14.9080698228625,13.5218074365274,20.136888075959,2.81411899826293,197,sim_197
2.21,-10.3814592624779,15.3355760448365,46.4326277380275,14.9080698228625,13.5218074365274,20.136888075959,2.81411899826293,197,sim_197
2.215,-9.71531925075304,15.3355760448365,46.4326277380275,14.9080698228625,13.5218074365274,20.136888075959,2.81411899826293,197,sim_197
2.22,-9.07596082799486,15.3355760448365,46.4326277380275,14.9080698228625,13.5218074365274,20.136888075959,2.81411899826293,197,sim_197
2.225,-8.46273705018269,15.3355760448365,46.4326277380275,14.9080698228625,13.5218074365274,20.136888075959,2.81411899826293,197,sim_197
2.23,-7.87518587757922,15.3355760448365,46.4326277380275,14.9080698228625,13.5218074365274,20.136888075959,2.81411899826293,197,sim_197
2.235,-7.31299488546954,15.3355760448365,46.4326277380275,14.9080698228625,13.5218074365274,20.136888075959,2.81411899826293,197,sim_197
2.24,-6.77596785794415,15.3355760448365,46.4326277380275,14.9080698228625,13.5218074365274,20.136888075959,2.81411899826293,197,sim_197
2.245,-6.26399267022749,15.3355760448365,46.4326277380275,14.9080698228625,13.5218074365274,20.136888075959,2.81411899826293,197,sim_197
2.25,-5.77701020961643,15.3355760448365,46.4326277380275,14.9080698228625,13.5218074365274,20.136888075959,2.81411899826293,197,sim_197
2.255,-5.31498440092576,15.3355760448365,46.4326277380275,14.9080698228625,13.5218074365274,20.136888075959,2.81411899826293,197,sim_197
2.26,-4.87787367862374,15.3355760448365,46.4326277380275,14.9080698228625,13.5218074365274,20.136888075959,2.81411899826293,197,sim_197
2.265,-4.46560446827799,15.3355760448365,46.4326277380275,14.9080698228625,13.5218074365274,20.136888075959,2.81411899826293,197,sim_197
2.27,-4.07804738610736,15.3355760448365,46.4326277380275,14.9080698228625,13.5218074365274,20.136888075959,2.81411899826293,197,sim_197
2.275,-3.71499692115502,15.3355760448365,46.4326277380275,14.9080698228625,13.5218074365274,20.136888075959,2.81411899826293,197,sim_197
2.28,-3.37615532064125,15.3355760448365,46.4326277380275,14.9080698228625,13.5218074365274,20.136888075959,2.81411899826293,197,sim_197
2.285,-3.06112125696968,15.3355760448365,46.4326277380275,14.9080698228625,13.5218074365274,20.136888075959,2.81411899826293,197,sim_197
2.29,-2.76938362898468,15.3355760448365,46.4326277380275,14.9080698228625,13.5218074365274,20.136888075959,2.81411899826293,197,sim_197
2.295,-2.50032056680805,15.3355760448365,46.4326277380275,14.9080698228625,13.5218074365274,20.136888075959,2.81411899826293,197,sim_197
2.3,-2.25320340390887,15.3355760448365,46.4326277380275,14.9080698228625,13.5218074365274,20.136888075959,2.81411899826293,197,sim_197
2.305,-2.02720508993683,15.3355760448365,46.4326277380275,14.9080698228625,13.5218074365274,20.136888075959,2.81411899826293,197,sim_197
2.31,-1.82141227784181,15.3355760448365,46.4326277380275,14.9080698228625,13.5218074365274,20.136888075959,2.81411899826293,197,sim_197
2.315,-1.6348401544188,15.3355760448365,46.4326277380275,14.9080698228625,13.5218074365274,20.136888075959,2.81411899826293,197,sim_197
2.32,-1.46644900758194,15.3355760448365,46.4326277380275,14.9080698228625,13.5218074365274,20.136888075959,2.81411899826293,197,sim_197
2.325,-1.31516153592784,15.3355760448365,46.4326277380275,14.9080698228625,13.5218074365274,20.136888075959,2.81411899826293,197,sim_197
2.33,-1.17987999446962,15.3355760448365,46.4326277380275,14.9080698228625,13.5218074365274,20.136888075959,2.81411899826293,197,sim_197
2.335,-1.05950241489742,15.3355760448365,46.4326277380275,14.9080698228625,13.5218074365274,20.136888075959,2.81411899826293,197,sim_197
2.34,-0.952937315979112,15.3355760448365,46.4326277380275,14.9080698228625,13.5218074365274,20.136888075959,2.81411899826293,197,sim_197
2.345,-0.859116507032644,15.3355760448365,46.4326277380275,14.9080698228625,13.5218074365274,20.136888075959,2.81411899826293,197,sim_197
2.35,-0.77700576574967,15.3355760448365,46.4326277380275,14.9080698228625,13.5218074365274,20.136888075959,2.81411899826293,197,sim_197
2.355,-0.705613327403974,15.3355760448365,46.4326277380275,14.9080698228625,13.5218074365274,20.136888075959,2.81411899826293,197,sim_197
2.36,-0.643996247770603,15.3355760448365,46.4326277380275,14.9080698228625,13.5218074365274,20.136888075959,2.81411899826293,197,sim_197
2.365,-0.591264794227595,15.3355760448365,46.4326277380275,14.9080698228625,13.5218074365274,20.136888075959,2.81411899826293,197,sim_197
2.37,-0.546585079823078,15.3355760448365,46.4326277380275,14.9080698228625,13.5218074365274,20.136888075959,2.81411899826293,197,sim_197
2.375,-0.509180187528409,15.3355760448365,46.4326277380275,14.9080698228625,13.5218074365274,20.136888075959,2.81411899826293,197,sim_197
2.38,-0.478330041788301,15.3355760448365,46.4326277380275,14.9080698228625,13.5218074365274,20.136888075959,2.81411899826293,197,sim_197
2.385,-0.453370277523312,15.3355760448365,46.4326277380275,14.9080698228625,13.5218074365274,20.136888075959,2.81411899826293,197,sim_197
2.39,-0.433690338275737,15.3355760448365,46.4326277380275,14.9080698228625,13.5218074365274,20.136888075959,2.81411899826293,197,sim_197
2.395,-0.418731009817466,15.3355760448365,46.4326277380275,14.9080698228625,13.5218074365274,20.136888075959,2.81411899826293,197,sim_197
2.4,-0.40798156689968,15.3355760448365,46.4326277380275,14.9080698228625,13.5218074365274,20.136888075959,2.81411899826293,197,sim_197
2.405,-0.400976681641106,15.3355760448365,46.4326277380275,14.9080698228625,13.5218074365274,20.136888075959,2.81411899826293,197,sim_197
2.41,-0.397293214176156,15.3355760448365,46.4326277380275,14.9080698228625,13.5218074365274,20.136888075959,2.81411899826293,197,sim_197
2.415,-0.396546980775529,15.3355760448365,46.4326277380275,14.9080698228625,13.5218074365274,20.136888075959,2.81411899826293,197,sim_197
2.42,-0.398389572318669,15.3355760448365,46.4326277380275,14.9080698228625,13.5218074365274,20.136888075959,2.81411899826293,197,sim_197
2.425,-0.402505276943864,15.3355760448365,46.4326277380275,14.9080698228625,13.5218074365274,20.136888075959,2.81411899826293,197,sim_197
2.43,-0.408608144872199,15.3355760448365,46.4326277380275,14.9080698228625,13.5218074365274,20.136888075959,2.81411899826293,197,sim_197
2.435,-0.416439220558096,15.3355760448365,46.4326277380275,14.9080698228625,13.5218074365274,20.136888075959,2.81411899826293,197,sim_197
2.44,-0.425763957144498,15.3355760448365,46.4326277380275,14.9080698228625,13.5218074365274,20.136888075959,2.81411899826293,197,sim_197
2.445,-0.436369820327593,15.3355760448365,46.4326277380275,14.9080698228625,13.5218074365274,20.136888075959,2.81411899826293,197,sim_197
2.45,-0.448064082805291,15.3355760448365,46.4326277380275,14.9080698228625,13.5218074365274,20.136888075959,2.81411899826293,197,sim_197
2.455,-0.460671806154252,15.3355760448365,46.4326277380275,14.9080698228625,13.5218074365274,20.136888075959,2.81411899826293,197,sim_197
2.46,-0.474034003941527,15.3355760448365,46.4326277380275,14.9080698228625,13.5218074365274,20.136888075959,2.81411899826293,197,sim_197
2.465,-0.488005977867195,15.3355760448365,46.4326277380275,14.9080698228625,13.5218074365274,20.136888075959,2.81411899826293,197,sim_197
2.47,-0.502455817518803,15.3355760448365,46.4326277380275,14.9080698228625,13.5218074365274,20.136888075959,2.81411899826293,197,sim_197
2.475,-0.517263053714913,15.3355760448365,46.4326277380275,14.9080698228625,13.5218074365274,20.136888075959,2.81411899826293,197,sim_197
2.48,-0.532317455262363,15.3355760448365,46.4326277380275,14.9080698228625,13.5218074365274,20.136888075959,2.81411899826293,197,sim_197
2.485,-0.547517959129261,15.3355760448365,46.4326277380275,14.9080698228625,13.5218074365274,20.136888075959,2.81411899826293,197,sim_197
2.49,-0.562771724440361,15.3355760448365,46.4326277380275,14.9080698228625,13.5218074365274,20.136888075959,2.81411899826293,197,sim_197
2.495,-0.577993301256968,15.3355760448365,46.4326277380275,14.9080698228625,13.5218074365274,20.136888075959,2.81411899826293,197,sim_197
2.5,-0.593103905746795,15.3355760448365,46.4326277380275,14.9080698228625,13.5218074365274,20.136888075959,2.81411899826293,197,sim_197
2.505,-0.608030794033186,15.3355760448365,46.4326277380275,14.9080698228625,13.5218074365274,20.136888075959,2.81411899826293,197,sim_197
2.51,-0.622706727700885,15.3355760448365,46.4326277380275,14.9080698228625,13.5218074365274,20.136888075959,2.81411899826293,197,sim_197
2.515,-0.63706952459793,15.3355760448365,46.4326277380275,14.9080698228625,13.5218074365274,20.136888075959,2.81411899826293,197,sim_197
2.52,-0.6510616891881,15.3355760448365,46.4326277380275,14.9080698228625,13.5218074365274,20.136888075959,2.81411899826293,197,sim_197
2.525,-0.664630117258626,15.3355760448365,46.4326277380275,14.9080698228625,13.5218074365274,20.136888075959,2.81411899826293,197,sim_197
2.53,-0.677725870258192,15.3355760448365,46.4326277380275,14.9080698228625,13.5218074365274,20.136888075959,2.81411899826293,197,sim_197
2.535,-0.690304014920655,15.3355760448365,46.4326277380275,14.9080698228625,13.5218074365274,20.136888075959,2.81411899826293,197,sim_197
2.54,-0.702323524109989,15.3355760448365,46.4326277380275,14.9080698228625,13.5218074365274,20.136888075959,2.81411899826293,197,sim_197
2.545,-0.713747234993912,15.3355760448365,46.4326277380275,14.9080698228625,13.5218074365274,20.136888075959,2.81411899826293,197,sim_197
2.55,-0.724541860712224,15.3355760448365,46.4326277380275,14.9080698228625,13.5218074365274,20.136888075959,2.81411899826293,197,sim_197
2.555,-0.734678051645095,15.3355760448365,46.4326277380275,14.9080698228625,13.5218074365274,20.136888075959,2.81411899826293,197,sim_197
2.56,-0.744130502204506,15.3355760448365,46.4326277380275,14.9080698228625,13.5218074365274,20.136888075959,2.81411899826293,197,sim_197
2.565,-0.75287809876923,15.3355760448365,46.4326277380275,14.9080698228625,13.5218074365274,20.136888075959,2.81411899826293,197,sim_197
2.57,-0.76090410396002,15.3355760448365,46.4326277380275,14.9080698228625,13.5218074365274,20.136888075959,2.81411899826293,197,sim_197
2.575,-0.768196371917824,15.3355760448365,46.4326277380275,14.9080698228625,13.5218074365274,20.136888075959,2.81411899826293,197,sim_197
2.58,-0.774747588610212,15.3355760448365,46.4326277380275,14.9080698228625,13.5218074365274,20.136888075959,2.81411899826293,197,sim_197
2.585,-0.780555530469245,15.3355760448365,46.4326277380275,14.9080698228625,13.5218074365274,20.136888075959,2.81411899826293,197,sim_197
2.59,-0.785623333879272,15.3355760448365,46.4326277380275,14.9080698228625,13.5218074365274,20.136888075959,2.81411899826293,197,sim_197
2.595,-0.789959767213749,15.3355760448365,46.4326277380275,14.9080698228625,13.5218074365274,20.136888075959,2.81411899826293,197,sim_197
2.6,-0.793579496303219,15.3355760448365,46.4326277380275,14.9080698228625,13.5218074365274,20.136888075959,2.81411899826293,197,sim_197
2.605,-0.796503333446798,15.3355760448365,46.4326277380275,14.9080698228625,13.5218074365274,20.136888075959,2.81411899826293,197,sim_197
2.61,-0.798758459403237,15.3355760448365,46.4326277380275,14.9080698228625,13.5218074365274,20.136888075959,2.81411899826293,197,sim_197
2.615,-0.80037860727453,15.3355760448365,46.4326277380275,14.9080698228625,13.5218074365274,20.136888075959,2.81411899826293,197,sim_197
2.62,-0.801404196883201,15.3355760448365,46.4326277380275,14.9080698228625,13.5218074365274,20.136888075959,2.81411899826293,197,sim_197
2.625,-0.801882408202921,15.3355760448365,46.4326277380275,14.9080698228625,13.5218074365274,20.136888075959,2.81411899826293,197,sim_197
2.63,-0.801867182693702,15.3355760448365,46.4326277380275,14.9080698228625,13.5218074365274,20.136888075959,2.81411899826293,197,sim_197
2.635,-0.801419142068394,15.3355760448365,46.4326277380275,14.9080698228625,13.5218074365274,20.136888075959,2.81411899826293,197,sim_197
2.64,-0.800605415118903,15.3355760448365,46.4326277380275,14.9080698228625,13.5218074365274,20.136888075959,2.81411899826293,197,sim_197
2.645,-0.799499364788926,15.3355760448365,46.4326277380275,14.9080698228625,13.5218074365274,20.136888075959,2.81411899826293,197,sim_197
2.65,-0.79818020970124,15.3355760448365,46.4326277380275,14.9080698228625,13.5218074365274,20.136888075959,2.81411899826293,197,sim_197
2.655,-0.796732536812578,15.3355760448365,46.4326277380275,14.9080698228625,13.5218074365274,20.136888075959,2.81411899826293,197,sim_197
2.66,-0.795245704741753,15.3355760448365,46.4326277380275,14.9080698228625,13.5218074365274,20.136888075959,2.81411899826293,197,sim_197
2.665,-0.793813140512362,15.3355760448365,46.4326277380275,14.9080698228625,13.5218074365274,20.136888075959,2.81411899826293,197,sim_197
2.67,-0.792531535879535,15.3355760448365,46.4326277380275,14.9080698228625,13.5218074365274,20.136888075959,2.81411899826293,197,sim_197
2.675,-0.791499952931722,15.3355760448365,46.4326277380275,14.9080698228625,13.5218074365274,20.136888075959,2.81411899826293,197,sim_197
2.68,-0.790818852127231,15.3355760448365,46.4326277380275,14.9080698228625,13.5218074365274,20.136888075959,2.81411899826293,197,sim_197
2.685,-0.790589059177091,15.3355760448365,46.4326277380275,14.9080698228625,13.5218074365274,20.136888075959,2.81411899826293,197,sim_197
2.69,-0.790910690043768,15.3355760448365,46.4326277380275,14.9080698228625,13.5218074365274,20.136888075959,2.81411899826293,197,sim_197
2.695,-0.791882055636027,15.3355760448365,46.4326277380275,14.9080698228625,13.5218074365274,20.136888075959,2.81411899826293,197,sim_197
2.7,-0.793598569389287,15.3355760448365,46.4326277380275,14.9080698228625,13.5218074365274,20.136888075959,2.81411899826293,197,sim_197
2.705,-0.796151681717182,15.3355760448365,46.4326277380275,14.9080698228625,13.5218074365274,20.136888075959,2.81411899826293,197,sim_197
2.71,-0.799627865231661,15.3355760448365,46.4326277380275,14.9080698228625,13.5218074365274,20.136888075959,2.81411899826293,197,sim_197
2.715,-0.804107673623952,15.3355760448365,46.4326277380275,14.9080698228625,13.5218074365274,20.136888075959,2.81411899826293,197,sim_197
2.72,-0.809664895200333,15.3355760448365,46.4326277380275,14.9080698228625,13.5218074365274,20.136888075959,2.81411899826293,197,sim_197
2.725,-0.816365819362332,15.3355760448365,46.4326277380275,14.9080698228625,13.5218074365274,20.136888075959,2.81411899826293,197,sim_197
2.73,-0.824268630918541,15.3355760448365,46.4326277380275,14.9080698228625,13.5218074365274,20.136888075959,2.81411899826293,197,sim_197
2.735,-0.833422943192407,15.3355760448365,46.4326277380275,14.9080698228625,13.5218074365274,20.136888075959,2.81411899826293,197,sim_197
2.74,-0.843869476628841,15.3355760448365,46.4326277380275,14.9080698228625,13.5218074365274,20.136888075959,2.81411899826293,197,sim_197
2.745,-0.855639885219923,15.3355760448365,46.4326277380275,14.9080698228625,13.5218074365274,20.136888075959,2.81411899826293,197,sim_197
2.75,-0.868756728756438,15.3355760448365,46.4326277380275,14.9080698228625,13.5218074365274,20.136888075959,2.81411899826293,197,sim_197
2.755,-0.883233584879192,15.3355760448365,46.4326277380275,14.9080698228625,13.5218074365274,20.136888075959,2.81411899826293,197,sim_197
2.76,-0.89907529130972,15.3355760448365,46.4326277380275,14.9080698228625,13.5218074365274,20.136888075959,2.81411899826293,197,sim_197
2.765,-0.916278305612129,15.3355760448365,46.4326277380275,14.9080698228625,13.5218074365274,20.136888075959,2.81411899826293,197,sim_197
2.77,-0.934831167483982,15.3355760448365,46.4326277380275,14.9080698228625,13.5218074365274,20.136888075959,2.81411899826293,197,sim_197
2.775,-0.954715046923488,15.3355760448365,46.4326277380275,14.9080698228625,13.5218074365274,20.136888075959,2.81411899826293,197,sim_197
2.78,-0.975904360695973,15.3355760448365,46.4326277380275,14.9080698228625,13.5218074365274,20.136888075959,2.81411899826293,197,sim_197
2.785,-0.998367439277283,15.3355760448365,46.4326277380275,14.9080698228625,13.5218074365274,20.136888075959,2.81411899826293,197,sim_197
2.79,-1.02206722683573,15.3355760448365,46.4326277380275,14.9080698228625,13.5218074365274,20.136888075959,2.81411899826293,197,sim_197
2.795,-1.04696199772782,15.3355760448365,46.4326277380275,14.9080698228625,13.5218074365274,20.136888075959,2.81411899826293,197,sim_197
2.8,-1.07300607433177,15.3355760448365,46.4326277380275,14.9080698228625,13.5218074365274,20.136888075959,2.81411899826293,197,sim_197
2.805,-1.100150532711,15.3355760448365,46.4326277380275,14.9080698228625,13.5218074365274,20.136888075959,2.81411899826293,197,sim_197
2.81,-1.1283438844818,15.3355760448365,46.4326277380275,14.9080698228625,13.5218074365274,20.136888075959,2.81411899826293,197,sim_197
2.815,-1.15753272525027,15.3355760448365,46.4326277380275,14.9080698228625,13.5218074365274,20.136888075959,2.81411899826293,197,sim_197
2.82,-1.18766234199001,15.3355760448365,46.4326277380275,14.9080698228625,13.5218074365274,20.136888075959,2.81411899826293,197,sim_197
2.825,-1.21867727368061,15.3355760448365,46.4326277380275,14.9080698228625,13.5218074365274,20.136888075959,2.81411899826293,197,sim_197
2.83,-1.25052182135229,15.3355760448365,46.4326277380275,14.9080698228625,13.5218074365274,20.136888075959,2.81411899826293,197,sim_197
2.835,-1.2831405053405,15.3355760448365,46.4326277380275,14.9080698228625,13.5218074365274,20.136888075959,2.81411899826293,197,sim_197
2.84,-1.31647846901523,15.3355760448365,46.4326277380275,14.9080698228625,13.5218074365274,20.136888075959,2.81411899826293,197,sim_197
2.845,-1.35048182949807,15.3355760448365,46.4326277380275,14.9080698228625,13.5218074365274,20.136888075959,2.81411899826293,197,sim_197
2.85,-1.3850979769111,15.3355760448365,46.4326277380275,14.9080698228625,13.5218074365274,20.136888075959,2.81411899826293,197,sim_197
2.855,-1.42027582451869,15.3355760448365,46.4326277380275,14.9080698228625,13.5218074365274,20.136888075959,2.81411899826293,197,sim_197
2.86,-1.45596601274477,15.3355760448365,46.4326277380275,14.9080698228625,13.5218074365274,20.136888075959,2.81411899826293,197,sim_197
2.865,-1.49212107048277,15.3355760448365,46.4326277380275,14.9080698228625,13.5218074365274,20.136888075959,2.81411899826293,197,sim_197
2.87,-1.52869553739507,15.3355760448365,46.4326277380275,14.9080698228625,13.5218074365274,20.136888075959,2.81411899826293,197,sim_197
2.875,-1.5656460510362,15.3355760448365,46.4326277380275,14.9080698228625,13.5218074365274,20.136888075959,2.81411899826293,197,sim_197
2.88,-1.6029314026588,15.3355760448365,46.4326277380275,14.9080698228625,13.5218074365274,20.136888075959,2.81411899826293,197,sim_197
2.885,-1.64051256549163,15.3355760448365,46.4326277380275,14.9080698228625,13.5218074365274,20.136888075959,2.81411899826293,197,sim_197
2.89,-1.67835269913757,15.3355760448365,46.4326277380275,14.9080698228625,13.5218074365274,20.136888075959,2.81411899826293,197,sim_197
2.895,-1.71641713354342,15.3355760448365,46.4326277380275,14.9080698228625,13.5218074365274,20.136888075959,2.81411899826293,197,sim_197
2.9,-1.75467333575914,15.3355760448365,46.4326277380275,14.9080698228625,13.5218074365274,20.136888075959,2.81411899826293,197,sim_197
2.905,-1.79309086244644,15.3355760448365,46.4326277380275,14.9080698228625,13.5218074365274,20.136888075959,2.81411899826293,197,sim_197
2.91,-1.83164130082568,15.3355760448365,46.4326277380275,14.9080698228625,13.5218074365274,20.136888075959,2.81411899826293,197,sim_197
2.915,-1.87029820047723,15.3355760448365,46.4326277380275,14.9080698228625,13.5218074365274,20.136888075959,2.81411899826293,197,sim_197
2.92,-1.90903699814233,15.3355760448365,46.4326277380275,14.9080698228625,13.5218074365274,20.136888075959,2.81411899826293,197,sim_197
2.925,-1.94783493741033,15.3355760448365,46.4326277380275,14.9080698228625,13.5218074365274,20.136888075959,2.81411899826293,197,sim_197
2.93,-1.98667098493156,15.3355760448365,46.4326277380275,14.9080698228625,13.5218074365274,20.136888075959,2.81411899826293,197,sim_197
2.935,-2.02552574456771,15.3355760448365,46.4326277380275,14.9080698228625,13.5218074365274,20.136888075959,2.81411899826293,197,sim_197
2.94,-2.06438137067814,15.3355760448365,46.4326277380275,14.9080698228625,13.5218074365274,20.136888075959,2.81411899826293,197,sim_197
2.945,-2.10322148154995,15.3355760448365,46.4326277380275,14.9080698228625,13.5218074365274,20.136888075959,2.81411899826293,197,sim_197
2.95,-2.14203107380629,15.3355760448365,46.4326277380275,14.9080698228625,13.5218074365274,20.136888075959,2.81411899826293,197,sim_197
2.955,-2.18079643847323,15.3355760448365,46.4326277380275,14.9080698228625,13.5218074365274,20.136888075959,2.81411899826293,197,sim_197
2.96,-2.21950507924896,15.3355760448365,46.4326277380275,14.9080698228625,13.5218074365274,20.136888075959,2.81411899826293,197,sim_197
2.965,-2.25814563340101,15.3355760448365,46.4326277380275,14.9080698228625,13.5218074365274,20.136888075959,2.81411899826293,197,sim_197
2.97,-2.29670779561257,15.3355760448365,46.4326277380275,14.9080698228625,13.5218074365274,20.136888075959,2.81411899826293,197,sim_197
2.975,-2.33518224501125,15.3355760448365,46.4326277380275,14.9080698228625,13.5218074365274,20.136888075959,2.81411899826293,197,sim_197
2.98,-2.37356057553743,15.3355760448365,46.4326277380275,14.9080698228625,13.5218074365274,20.136888075959,2.81411899826293,197,sim_197
2.985,-2.41183522974529,15.3355760448365,46.4326277380275,14.9080698228625,13.5218074365274,20.136888075959,2.81411899826293,197,sim_197
2.99,-2.44999943607722,15.3355760448365,46.4326277380275,14.9080698228625,13.5218074365274,20.136888075959,2.81411899826293,197,sim_197
2.995,-2.48804714960685,15.3355760448365,46.4326277380275,14.9080698228625,13.5218074365274,20.136888075959,2.81411899826293,197,sim_197
3,-2.52597299621199,15.3355760448365,46.4326277380275,14.9080698228625,13.5218074365274,20.136888075959,2.81411899826293,197,sim_197
