f0_GHz,S11ReportFreq_GHz,S11SweepSampleFreq_GHz,S11SweepSample_dB,S11_f0_dB,AbsS11_f0_dB,AbsS11_f0_Linear,S11_Source,PeakGain_dBi,PeakRealizedGain_dBi,FrontToBackRatio_dB,Gmain_Source,Ldir,Ldri,L1,Sdir,Sref,Wdri,SimulationIndex,SimulationID
2.25,2.25,2.25,-6.84803525534813,-6.84803525534813,6.84803525534813,0.45456734852779,ATK_OBJ_S11_F0,3.70574997441351,2.70049964682818,15.9277684823798,ATK_OBJ_PeakGain,16.4780976193736,46.4429218984761,15.4436123377551,16.4620281331706,17.0686230835941,2.02689807152893,1,sim_001
2.25,2.25,2.25,-2.89950911631129,-2.89950911631129,2.89950911631129,0.716183884253838,ATK_OBJ_S11_F0,4.13162964896155,1.00763836411656,13.6355801352589,ATK_OBJ_PeakGain,15.9995949675671,40.966908592481,17.4209010221495,15.6729083353522,21.5262843933931,4.09809888152892,2,sim_002
2.25,2.25,2.25,-3.05239832694026,-3.05239832694026,3.05239832694026,0.703687900499743,ATK_OBJ_S11_F0,3.82520835930312,0.856602606729149,11.6787326491249,ATK_OBJ_PeakGain,17.4887773994625,40.8281330595282,16.6544634695837,13.400812577224,19.4562031749708,3.99731068238866,3,sim_003
2.25,2.25,2.25,-3.5700707774282,-3.5700707774282,3.5700707774282,0.662973945370621,ATK_OBJ_S11_F0,4.11883963664428,1.60432885006279,9.72525944580143,ATK_OBJ_PeakGain,14.6422223844688,44.6105413149361,18.1869487529116,13.8283564046151,20.5293332891881,3.27838539377689,4,sim_004
2.25,2.25,2.25,-2.92823468638985,-2.92823468638985,2.92823468638985,0.713819266466224,ATK_OBJ_S11_F0,3.9712782882755,0.877332421356856,8.00018120626322,ATK_OBJ_PeakGain,14.8051612939182,41.2561763240714,17.2132123364901,12.533526977947,21.2421370371577,3.6653476338102,5,sim_005
2.25,2.25,2.25,-4.75177307405256,-4.75177307405256,4.75177307405256,0.578643856162921,ATK_OBJ_S11_F0,3.9635420301849,2.19287697547091,9.63449602049461,ATK_OBJ_PeakGain,17.5081743969223,44.2343806128009,15.2076773720214,12.2611671557439,19.4754594140151,3.15401279021361,6,sim_006
2.25,2.25,2.25,-6.74798886264993,-6.74798886264993,6.74798886264993,0.459833446384075,ATK_OBJ_S11_F0,3.55344966035248,2.52175965381877,5.15938402904357,ATK_OBJ_PeakGain,14.6918979214802,46.1519160179868,15.3125469300489,12.4532800271857,16.5027896678061,3.56036952255499,7,sim_007
2.25,2.25,2.25,-4.32040284817236,-4.32040284817236,4.32040284817236,0.6081067968687,ATK_OBJ_S11_F0,3.75886587319323,1.75369206140923,15.3962396164157,ATK_OBJ_PeakGain,17.0452442349556,43.3453506270756,17.9804329962926,16.3016979197147,18.1039046774329,3.79777727743251,8,sim_008
2.25,2.25,2.25,-3.3406433707316,-3.3406433707316,3.3406433707316,0.680718935435103,ATK_OBJ_S11_F0,3.62157911952151,0.918261677578393,15.2477091866125,ATK_OBJ_PeakGain,15.8520568617876,40.557490957181,17.6782113997705,16.9377271419122,18.8702799753608,4.20713353563102,9,sim_009
2.25,2.25,2.25,-5.23048564910848,-5.23048564910848,5.23048564910848,0.547615481599161,ATK_OBJ_S11_F0,3.74416841900345,2.19587641433543,7.50472993226724,ATK_OBJ_PeakGain,17.4142243156087,45.8653031628015,16.1160111731256,12.703781401439,17.2474507773521,4.33214787045286,10,sim_010
2.25,2.25,2.25,-4.40153206033794,-4.40153206033794,4.40153206033794,0.602453312995749,ATK_OBJ_S11_F0,4.09139452147779,2.13312976053023,20.1470445557356,ATK_OBJ_PeakGain,15.8244349346803,41.7505944028418,15.8949169496869,16.8615101996022,20.359282252174,3.31607522840624,11,sim_011
2.25,2.25,2.25,-3.26188727140773,-3.26188727140773,3.26188727140773,0.68691916989749,ATK_OBJ_S11_F0,3.98593238812517,1.2134398896501,11.6339340794526,ATK_OBJ_PeakGain,16.9223483530171,43.7492300849884,18.4762622562722,14.2568606275206,19.8300425717461,3.88373916949126,12,sim_012
2.25,2.25,2.25,-5.55855701900998,-5.55855701900998,5.55855701900998,0.52731745704017,ATK_OBJ_S11_F0,3.94834913493495,2.53333792509369,12.0544930464523,ATK_OBJ_PeakGain,16.3859335174644,43.2851948751545,14.7676661263725,16.3450256718317,18.7509115581748,3.42245322429102,13,sim_013
2.25,2.25,2.25,-2.48357705724211,-2.48357705724211,2.48357705724211,0.751313421449493,ATK_OBJ_S11_F0,4.21644281510611,0.606605047947616,12.7329578334238,ATK_OBJ_PeakGain,17.8063755660385,43.3069503778924,15.4323455846463,12.1504693407809,18.0062541066992,4.14301986320189,14,sim_014
2.25,2.25,2.25,-5.13305326438115,-5.13305326438115,5.13305326438115,0.55379284043119,ATK_OBJ_S11_F0,3.75316415317812,2.16246065720761,16.1838594733838,ATK_OBJ_PeakGain,16.2484833351943,45.9095699486102,16.9715098971941,16.5259113259517,17.6836489843501,4.43057769514614,15,sim_015
2.25,2.25,2.25,-5.20067011259699,-5.20067011259699,5.20067011259699,0.54949847865431,ATK_OBJ_S11_F0,3.68014232691939,2.11901648795652,12.4319545908874,ATK_OBJ_PeakGain,16.5501571656932,42.8423291779407,15.6306010340953,15.782342071591,16.9838179809998,4.31832078010456,16,sim_016
2.25,2.25,2.25,-3.56261855684733,-3.56261855684733,3.56261855684733,0.663543000279719,ATK_OBJ_S11_F0,3.93057615487564,1.41021214631533,10.2761985283344,ATK_OBJ_PeakGain,17.3017103159418,42.2243301969539,14.6855013951164,12.1100712777024,18.4202594306363,2.59098798984093,17,sim_017
2.25,2.25,2.25,-7.77512996766613,-7.77512996766613,7.77512996766613,0.40854838834266,ATK_OBJ_S11_F0,3.93600249434641,3.14291240026513,9.98310645592494,ATK_OBJ_PeakGain,14.705249644694,45.9370459184773,14.8049725791932,15.1350063397284,18.4118123880345,2.63344219148021,18,sim_018
2.25,2.25,2.25,-3.30696701756812,-3.30696701756812,3.30696701756812,0.683363296540154,ATK_OBJ_S11_F0,4.19630432605927,1.4636954174267,10.7899523884247,ATK_OBJ_PeakGain,16.4360202924554,43.6761196855517,16.889032775409,13.3565398139625,21.2206234939817,4.07379580657954,19,sim_019
2.25,2.25,2.25,-6.02991488997297,-6.02991488997297,6.02991488997297,0.499464074259907,ATK_OBJ_S11_F0,3.64746072137477,2.40117391297321,14.5027015670276,ATK_OBJ_PeakGain,17.2005844055512,46.1115149696691,15.5445542565205,16.2771484717621,16.9434133783829,2.3738565737356,20,sim_020
2.25,2.25,2.25,-5.23524742918151,-5.23524742918151,5.23524742918151,0.54731535001207,ATK_OBJ_S11_F0,4.09447796482576,2.54822398745307,8.82176814173758,ATK_OBJ_PeakGain,15.1185770827896,44.1076844011796,15.0360889916723,13.1736656745277,19.2130996992491,3.70933996180163,21,sim_021
2.25,2.25,2.25,-4.51673055275795,-4.51673055275795,4.51673055275795,0.594515897653078,ATK_OBJ_S11_F0,4.23086742206562,2.33689427483723,20.0200486127134,ATK_OBJ_PeakGain,16.9746066172571,41.3667336402665,14.8397220848379,16.5501349869897,21.5830966434712,3.14075639383854,22,sim_022
2.25,2.25,2.25,-3.48399501710283,-3.48399501710283,3.48399501710283,0.669576571296416,ATK_OBJ_S11_F0,3.59068051798076,1.00745226994849,10.6022649689021,ATK_OBJ_PeakGain,15.9297721794761,40.0171349496212,17.2605998390054,14.8379875664437,19.3214763954107,3.52112047300093,23,sim_023
2.25,2.25,2.25,-5.02601062167947,-5.02601062167947,5.02601062167947,0.560659866035368,ATK_OBJ_S11_F0,3.53239213922067,1.89348354232392,5.76568572977912,ATK_OBJ_PeakGain,17.3315705012205,45.5717378638622,16.6307132838133,12.0316792847216,16.8314889570456,3.36414788331844,24,sim_024
2.25,2.25,2.25,-5.14871383832195,-5.14871383832195,5.14871383832195,0.552795256951053,ATK_OBJ_S11_F0,4.68814121328197,3.10434718173653,23.9341165820312,ATK_OBJ_PeakGain,16.7247456715954,45.3593079311641,15.381741544398,17.7016902905563,21.7227330052624,2.689043760404,25,sim_025
2.25,2.25,2.25,-4.89613722596884,-4.89613722596884,4.89613722596884,0.569105966410004,ATK_OBJ_S11_F0,3.84191112106886,2.14213866522436,13.3063384382689,ATK_OBJ_PeakGain,15.3691769765636,41.2671922959818,15.5960418288111,16.3545750191101,19.3078211109433,2.82738628566556,26,sim_026
2.25,2.25,2.25,-4.49423535643283,-4.49423535643283,4.49423535643283,0.596057603269253,ATK_OBJ_S11_F0,3.7759260098253,1.86960600357782,14.0161140508804,ATK_OBJ_PeakGain,16.8192617707857,41.6851280218715,15.419782898194,17.160588632003,17.6472325216551,3.9393216512437,27,sim_027
2.25,2.25,2.25,-3.04129490418384,-3.04129490418384,3.04129490418384,0.704588020201204,ATK_OBJ_S11_F0,4.43909147702821,1.45956682823808,11.5159897033323,ATK_OBJ_PeakGain,16.7109361143748,46.0266175261065,15.601338925168,12.5530552663709,21.9852410730592,4.11981304519086,28,sim_028
2.25,2.25,2.25,-5.17738125874662,-5.17738125874662,5.17738125874662,0.55097378650785,ATK_OBJ_S11_F0,4.09175139027501,2.52051291975174,15.3919195982833,ATK_OBJ_PeakGain,15.3904227166161,41.4714928343819,15.6587879672377,17.4249666442585,20.6657163829227,2.75091702112601,29,sim_029
2.25,2.25,2.25,-4.05668077070838,-4.05668077070838,4.05668077070838,0.626853364900131,ATK_OBJ_S11_F0,3.36923037462337,1.20150977049649,10.7207392543484,ATK_OBJ_PeakGain,16.3046318877342,43.6622319270901,18.1603635506727,14.9285217051436,16.6789083660285,3.04777907777732,30,sim_030
2.25,2.25,2.25,-4.67498636812309,-4.67498636812309,4.67498636812309,0.583781975162878,ATK_OBJ_S11_F0,4.27913981429499,2.46930261375866,12.6300016472642,ATK_OBJ_PeakGain,16.0297779548784,44.7348653399558,14.6536767722749,14.2056038824593,20.0546669935848,3.92153628716586,31,sim_031
2.25,2.25,2.25,-6.17291650091925,-6.17291650091925,6.17291650091925,0.491308383635292,ATK_OBJ_S11_F0,3.89824110864908,2.69846150366218,11.8848485027426,ATK_OBJ_PeakGain,15.0924812017635,45.6188508837316,17.1356747296017,15.895916046688,18.9966093030171,2.27407322547522,32,sim_032
2.25,2.25,2.25,-0.898148288620488,-0.898148288620488,0.898148288620488,0.9017633605755,ATK_OBJ_S11_F0,3.98208788957427,-3.30361237750192,5.3623784439258,ATK_OBJ_PeakGain,16.1135827108173,42.1243307063806,16.2306827513577,14.6429309375448,16.6867862592252,4.44365798248077,33,sim_033
2.25,2.25,2.25,-3.61075259611793,-3.61075259611793,3.61075259611793,0.659876056277818,ATK_OBJ_S11_F0,4.46441617127917,1.9815448346552,28.45284412371,ATK_OBJ_PeakGain,17.5279103043134,45.0924690604719,16.2777071890186,17.2172415660956,20.4461036341354,4.25818603623062,34,sim_034
2.25,2.25,2.25,-3.03799600327814,-3.03799600327814,3.03799600327814,0.704855673557148,ATK_OBJ_S11_F0,4.28291174534729,1.30013232937544,11.9642036552032,ATK_OBJ_PeakGain,18.3673487329709,43.2387530369513,17.5179800979781,13.0232405008241,21.8328632912763,3.81112654347452,35,sim_035
2.25,2.25,2.25,-4.34524597051586,-4.34524597051586,4.34524597051586,0.606369992916489,ATK_OBJ_S11_F0,3.85182314151148,1.86116095072749,9.84756149298052,ATK_OBJ_PeakGain,14.6197596400632,40.6105814107854,17.0325187525216,15.1955099027429,20.1104270145135,2.15673156968086,36,sim_036
2.25,2.25,2.25,-3.7452541183873,-3.7452541183873,3.7452541183873,0.649736544035722,ATK_OBJ_S11_F0,4.5989611558303,2.21705538774986,15.1260636072925,ATK_OBJ_PeakGain,16.6607547773248,46.6893376297159,15.9827573798483,15.2442946806625,21.7938369527817,3.39102756455698,37,sim_037
2.25,2.25,2.25,-4.63619324610298,-4.63619324610298,4.63619324610298,0.586395106848936,ATK_OBJ_S11_F0,3.89658639020249,2.06655668696846,9.73821845353106,ATK_OBJ_PeakGain,17.737703360164,42.1871625052714,15.6643560318742,15.0467811171721,19.159179712866,3.3621994689735,38,sim_038
2.25,2.25,2.25,-3.14403170139949,-3.14403170139949,3.14403170139949,0.696303238259635,ATK_OBJ_S11_F0,3.50866461913916,0.628101142174094,6.96690389336673,ATK_OBJ_PeakGain,16.9982657365528,40.3798549354369,16.0436428215178,12.7801373887184,17.337520081226,3.60045531894407,39,sim_039
2.25,2.25,2.25,-4.75861820065315,-4.75861820065315,4.75861820065315,0.578188021436837,ATK_OBJ_S11_F0,3.54552651081718,1.77830302431539,8.70008659209295,ATK_OBJ_PeakGain,18.4959236774717,44.3005874592052,17.0008363972795,13.5530004599586,17.8548471772167,2.06657805716325,40,sim_040
2.25,2.25,2.25,-3.38132983680445,-3.38132983680445,3.38132983680445,0.677537766523294,ATK_OBJ_S11_F0,3.9403021645999,1.27181380433994,9.4136344662125,ATK_OBJ_PeakGain,14.9019742455731,41.5494603016302,18.342138833171,13.4654612767937,20.961469062125,2.84966267029866,41,sim_041
2.25,2.25,2.25,-5.49117705479209,-5.49117705479209,5.49117705479209,0.53142397953488,ATK_OBJ_S11_F0,3.62041815178253,2.17917317977656,14.9692049260877,ATK_OBJ_PeakGain,17.6852374236774,46.9372961475563,17.3923288697017,16.4375046381076,17.1473321662858,2.30456290781632,42,sim_042
2.25,2.25,2.25,-3.14104514983208,-3.14104514983208,3.14104514983208,0.696542695951382,ATK_OBJ_S11_F0,3.38369579703034,0.500319686496931,7.08105113515827,ATK_OBJ_PeakGain,18.3267071367993,40.5797742849758,18.2387932202032,12.5096090482435,17.5329989693163,3.2413643702362,43,sim_043
2.25,2.25,2.25,-5.29133891881079,-5.29133891881079,5.29133891881079,0.54379230036971,ATK_OBJ_S11_F0,3.54309938399636,2.02061419757982,6.63070671193865,ATK_OBJ_PeakGain,15.5535945590275,42.6124109138807,15.8470891146193,13.155153993054,17.7265272834789,2.71401140480726,44,sim_044
2.25,2.25,2.25,-5.45290812624791,-5.45290812624791,5.45290812624791,0.533770531724373,ATK_OBJ_S11_F0,4.05928399416534,2.60288508707047,17.6184844192753,ATK_OBJ_PeakGain,18.2227310627471,44.1795960133075,15.0682125818012,16.3881426487325,18.7317915526613,3.43644707130051,45,sim_045
2.25,2.25,2.25,-4.41318415863098,-4.41318415863098,4.41318415863098,0.601645665297576,ATK_OBJ_S11_F0,4.28880007081068,2.33715997087082,17.0670155017056,ATK_OBJ_PeakGain,15.2144245499716,42.7722091430436,15.6996869883397,15.8430225153576,21.6353692545788,2.53919347757102,46,sim_046
2.25,2.25,2.25,-4.42606812269399,-4.42606812269399,4.42606812269399,0.600753893095488,ATK_OBJ_S11_F0,4.12306970699766,2.17872227393136,18.3521148451738,ATK_OBJ_PeakGain,18.3421352372321,41.6431776592453,14.5389115837807,15.5252354649249,19.9690000074096,3.44165147364785,47,sim_047
2.25,2.25,2.25,-6.00893505713291,-6.00893505713291,6.00893505713291,0.500671934188344,ATK_OBJ_S11_F0,4.01770094792568,2.76441832360807,23.809939908625,ATK_OBJ_PeakGain,18.3930751469734,44.6928724922484,15.8735328935687,16.7875682737711,18.4687200166294,2.211218498655,48,sim_048
2.25,2.25,2.25,-4.31356338183286,-4.31356338183286,4.31356338183286,0.608585822514464,ATK_OBJ_S11_F0,3.60583015730296,1.59663804669268,9.56471519391232,ATK_OBJ_PeakGain,16.2698834787328,40.0386998299304,16.9597660452463,12.0228866128773,16.8098382479092,4.10624560972309,49,sim_049
2.25,2.25,2.25,-2.79781187172114,-2.79781187172114,2.79781187172114,0.724618481216517,ATK_OBJ_S11_F0,4.00842045491084,0.774698720559443,9.83395184233135,ATK_OBJ_PeakGain,18.2955810344646,41.7199714392666,15.7553366277443,12.2724888794733,21.7740889594787,4.49519110302769,50,sim_050
2.25,2.25,2.25,-3.54044844412444,-3.54044844412444,3.54044844412444,0.66523880967546,ATK_OBJ_S11_F0,3.69060967428986,1.15272594758244,10.7649843428519,ATK_OBJ_PeakGain,17.434300741568,40.4258261154307,18.4267339852878,15.9198478857925,17.4899843357591,2.76978916210111,51,sim_051
2.25,2.25,2.25,-3.96273992829061,-3.96273992829061,3.96273992829061,0.633669791187819,ATK_OBJ_S11_F0,3.7262698324653,1.49663995176771,10.8353922285563,ATK_OBJ_PeakGain,16.9580744112111,42.8217335525377,18.093247637208,17.6255093704412,16.589429344828,3.38372817408284,52,sim_052
2.25,2.25,2.25,-5.17063922727005,-5.17063922727005,5.17063922727005,0.551401621170395,ATK_OBJ_S11_F0,3.95195440849684,2.3777738155505,7.80896538809391,ATK_OBJ_PeakGain,17.0178184500866,45.7950798417694,17.6448833057358,12.0651314405258,18.9338111082658,2.16286665428443,53,sim_053
2.25,2.25,2.25,-5.33268276286781,-5.33268276286781,5.33268276286781,0.54121006149576,ATK_OBJ_S11_F0,4.0026129123321,2.49737011827749,15.8704988315885,ATK_OBJ_PeakGain,17.2666832610548,41.12182272616,14.5859101450166,17.90815673593,18.6069672043789,3.58159853359673,54,sim_054
2.25,2.25,2.25,-5.78960545530396,-5.78960545530396,5.78960545530396,0.513475500897895,ATK_OBJ_S11_F0,4.37016114185604,3.0409622367156,9.8408516370776,ATK_OBJ_PeakGain,15.4939749166467,45.2125920484613,14.7336035674246,13.2477144953143,21.2707089739997,2.13790091058025,55,sim_055
2.25,2.25,2.25,-4.08984708980969,-4.08984708980969,4.08984708980969,0.624464343526456,ATK_OBJ_S11_F0,4.00586119188362,1.85947481171079,11.1170234054692,ATK_OBJ_PeakGain,15.5639561965337,44.6455031588587,16.7905569366084,13.9332190404228,19.9382229783121,3.34783927903545,56,sim_056
2.25,2.25,2.25,-4.2636059191931,-4.2636059191931,4.2636059191931,0.61209622918692,ATK_OBJ_S11_F0,3.66321675555665,1.62436639086042,7.69225427230413,ATK_OBJ_PeakGain,15.4406108189261,41.4258244578829,15.7682318702682,14.0682575679093,18.5733242796386,3.86674982758103,57,sim_057
2.25,2.25,2.25,-3.95528061419524,-3.95528061419524,3.95528061419524,0.634214211208289,ATK_OBJ_S11_F0,3.50176365856711,1.26712177298929,11.5508875223112,ATK_OBJ_PeakGain,15.2548814852073,40.7022191575242,17.4120527643607,15.9496774146077,18.3122237852364,2.79808388698601,58,sim_058
2.25,2.25,2.25,-4.12906893843479,-4.12906893843479,4.12906893843479,0.621650880445978,ATK_OBJ_S11_F0,4.04435735367187,1.92285825233005,22.4295802691214,ATK_OBJ_PeakGain,15.4100004487118,44.0901154197063,17.6150104011185,17.9535583712778,19.1965223041999,4.37807586958883,59,sim_059
2.25,2.25,2.25,-5.16281377001194,-5.16281377001194,5.16281377001194,0.551898624280578,ATK_OBJ_S11_F0,3.57814595160198,2.0005422054375,8.68138507561107,ATK_OBJ_PeakGain,16.5895984428229,42.4477041791636,16.0716706634852,14.6051909226216,18.0464439833243,2.4072686406546,60,sim_060
2.25,2.25,2.25,-0.498375038794927,-0.498375038794927,0.498375038794927,0.944237508256705,ATK_OBJ_S11_F0,5.13962085328219,-4.50946425437509,3.67991174087147,ATK_OBJ_PeakGain,16.1580944447613,44.4094539409284,18.3910358502987,15.3459787050742,21.8510700923013,3.97422096098843,61,sim_061
2.25,2.25,2.25,-5.78321804409329,-5.78321804409329,5.78321804409329,0.513853238302094,ATK_OBJ_S11_F0,4.1808871230538,2.84939883680423,19.1665492579119,ATK_OBJ_PeakGain,16.6921973329685,43.4600628585839,15.0916714123752,17.0266166119737,19.7462503794844,2.86309734115481,62,sim_062
2.25,2.25,2.25,-4.51079864538969,-4.51079864538969,4.51079864538969,0.594922052679301,ATK_OBJ_S11_F0,4.58994668540495,2.69272732116095,15.3722366294314,ATK_OBJ_PeakGain,15.0323533277918,45.0674945646243,15.1902363983992,16.0404019659025,22.3332282982957,2.47567472073963,63,sim_063
2.25,2.25,2.25,-4.33870527673074,-4.33870527673074,4.33870527673074,0.606826776765195,ATK_OBJ_S11_F0,3.64025357118602,1.64578350354762,10.5216735571986,ATK_OBJ_PeakGain,14.6771888461129,40.8929682096506,16.66165185454,16.0610156971595,16.7386858845653,3.0502577254265,64,sim_064
2.25,2.25,2.25,-5.97140632847625,-5.97140632847625,5.97140632847625,0.502839844686587,ATK_OBJ_S11_F0,4.19984818422889,2.93393834405826,8.67723763854444,ATK_OBJ_PeakGain,15.7361097884906,44.8712160861177,14.8743914026972,12.2171787181858,20.3137207774994,2.33351848142745,65,sim_065
2.25,2.25,2.25,-6.02957634218435,-6.02957634218435,6.02957634218435,0.49948354212794,ATK_OBJ_S11_F0,4.2908653878058,3.04446604644817,20.8034858784426,ATK_OBJ_PeakGain,17.6515344303123,43.9339506323858,14.7199231222259,16.2173677047738,19.634122897376,2.93248285658292,66,sim_066
2.25,2.25,2.25,-4.02485270141905,-4.02485270141905,4.02485270141905,0.62915458359776,ATK_OBJ_S11_F0,4.37322460360563,2.18477670555005,16.012714121308,ATK_OBJ_PeakGain,18.2436584493883,44.4496875937846,16.3670906860991,14.3060066116402,21.6857068898335,3.07642537543145,67,sim_067
2.25,2.25,2.25,-5.0152207753819,-5.0152207753819,5.0152207753819,0.561356765601581,ATK_OBJ_S11_F0,3.57194256553931,1.92807841234906,14.4911797551638,ATK_OBJ_PeakGain,17.9247986402114,44.9360811342061,16.4794251763037,15.1622033028065,16.891301714147,2.22245306688407,68,sim_068
2.25,2.25,2.25,-3.37353865062339,-3.37353865062339,3.37353865062339,0.678145786121353,ATK_OBJ_S11_F0,4.37591568917079,1.70080455164639,15.7352046850085,ATK_OBJ_PeakGain,18.4377302386615,43.3928699597124,15.966928975226,14.4633784542308,22.130748754356,3.69522313233924,69,sim_069
2.25,2.25,2.25,-3.6483630358535,-3.6483630358535,3.6483630358535,0.65702492934469,ATK_OBJ_S11_F0,4.81785312921078,2.36376909434152,20.7303065646769,ATK_OBJ_PeakGain,16.0605734830493,45.6455457122605,15.3377308772352,17.8033153751018,22.4693695640003,3.92587766904984,70,sim_070
2.25,2.25,2.25,-5.85241958791059,-5.85241958791059,5.85241958791059,0.509775571982074,ATK_OBJ_S11_F0,3.92914030314518,2.62221373034109,13.82826780411,ATK_OBJ_PeakGain,14.7697980277702,42.4953436842066,15.7290938972998,17.4690055320364,19.5684980369548,2.4883659871571,71,sim_071
2.25,2.25,2.25,-4.98520400512291,-4.98520400512291,4.98520400512291,0.563300062917773,ATK_OBJ_S11_F0,3.43631480605482,1.77856955320995,11.8840083858266,ATK_OBJ_PeakGain,16.0033585429136,44.6666527698643,17.8282685457804,16.8120416056144,16.7740134149998,2.41420009235775,72,sim_072
2.25,2.25,2.25,-4.43832459886554,-4.43832459886554,4.43832459886554,0.59990677972553,ATK_OBJ_S11_F0,3.55568442051969,1.61824312976967,5.62718530963847,ATK_OBJ_PeakGain,17.1595736129928,41.031347386546,15.7043546413671,12.9550009069036,19.0705583905324,2.00986114149571,73,sim_073
2.25,2.25,2.25,-4.55298604116063,-4.55298604116063,4.55298604116063,0.592039520130359,ATK_OBJ_S11_F0,4.11831680909657,2.24403619149568,19.1869390876128,ATK_OBJ_PeakGain,15.1742538894336,41.9126869442263,16.6825130917473,16.9621088598832,20.9972836366725,2.66365498072405,74,sim_074
2.25,2.25,2.25,-5.21985133821928,-5.21985133821928,5.21985133821928,0.548286348936867,ATK_OBJ_S11_F0,3.47819131257953,1.92533631344709,10.8317674838631,ATK_OBJ_PeakGain,15.5300094324831,44.7958829863523,17.3061782918713,15.7617052781439,16.8783260694715,3.46547335990009,75,sim_075
2.25,2.25,2.25,-0.586963740865098,-0.586963740865098,0.586963740865098,0.934656031625839,ATK_OBJ_S11_F0,5.62712564421541,-3.35478168019159,5.26455813234822,ATK_OBJ_PeakGain,18.1094217674908,45.2794772314347,16.4545220886333,15.7308134668014,20.876999483893,4.30304559890771,76,sim_076
2.25,2.25,2.25,-4.29100308363753,-4.29100308363753,4.29100308363753,0.610168587700847,ATK_OBJ_S11_F0,3.50629847314947,1.48378028471132,10.5323660490254,ATK_OBJ_PeakGain,16.8611923773516,40.0895661390746,16.3356574414596,13.8342076607781,17.9458030125582,2.72631027765824,77,sim_077
2.25,2.25,2.25,-2.6753942274584,-2.6753942274584,2.6753942274584,0.734903454145347,ATK_OBJ_S11_F0,4.31863315928237,0.945426966362858,13.7029478295442,ATK_OBJ_PeakGain,15.633639438083,44.5798934982246,18.0538757522997,14.8878039058234,21.9526327374446,3.66072940950286,78,sim_078
2.25,2.25,2.25,-2.87853641238063,-2.87853641238063,2.87853641238063,0.717915251057506,ATK_OBJ_S11_F0,4.9732471059017,1.82706052244359,21.38526962108,ATK_OBJ_PeakGain,17.44084862275,44.3171757718015,16.5201960450453,17.432604453026,22.0303878214999,3.73372749707724,79,sim_079
2.25,2.25,2.25,-3.68857510798141,-3.68857510798141,3.68857510798141,0.653990206177163,ATK_OBJ_S11_F0,4.13183834892184,1.70805160206786,39.897174423278,ATK_OBJ_PeakGain,17.741428909292,43.4106109326819,18.2768642667602,17.9228819201126,19.9025587624291,3.85917177666579,80,sim_080
2.25,2.25,2.25,-3.11220463605201,-3.11220463605201,3.11220463605201,0.698859331097155,ATK_OBJ_S11_F0,3.90134987109962,0.990618177631033,14.144070384752,ATK_OBJ_PeakGain,17.1904329968493,42.2768983819554,18.4584466399559,14.6177184835431,20.1946715949106,3.82063163280569,81,sim_081
2.25,2.25,2.25,-3.55066652010686,-3.55066652010686,3.55066652010686,0.6644566832279,ATK_OBJ_S11_F0,4.18603471776254,1.65624562209481,18.5583502172897,ATK_OBJ_PeakGain,18.0419346005156,40.1461987636826,16.2554190844135,15.5489266615245,22.3145700175178,3.71895338207218,82,sim_082
2.25,2.25,2.25,-2.97380461713712,-2.97380461713712,2.97380461713712,0.710084068907151,ATK_OBJ_S11_F0,4.04884110771444,1.00173652714097,11.1903840946666,ATK_OBJ_PeakGain,15.7963629710772,42.3331982821686,18.1408531971187,12.9727457523511,21.4387477058354,3.56657985168861,83,sim_083
2.25,2.25,2.25,-5.0957178066753,-5.0957178066753,5.0957178066753,0.55617838882086,ATK_OBJ_S11_F0,3.93541229609393,2.32809055117008,8.03940944970303,ATK_OBJ_PeakGain,14.8563509418416,41.0615790148321,14.547563722741,13.2035762177826,20.4821568126483,2.32077220245973,84,sim_084
2.25,2.25,2.25,-3.56809083015512,-3.56809083015512,3.56809083015512,0.663125087410287,ATK_OBJ_S11_F0,3.49281209707996,0.976747942717408,10.7401606300796,ATK_OBJ_PeakGain,17.2544487918473,41.0114470148242,17.7940867924897,14.414852007714,16.9741533726212,2.77646956855777,85,sim_085
2.25,2.25,2.25,-5.17174695510016,-5.17174695510016,5.17174695510016,0.551331304369236,ATK_OBJ_S11_F0,3.7535597428916,2.17986299646958,10.8087789569593,ATK_OBJ_PeakGain,14.5629973088496,41.1941354319456,15.1745902609101,16.8511922168261,19.0220166797269,3.00184771767727,86,sim_086
2.25,2.25,2.25,-4.57893557122713,-4.57893557122713,4.57893557122713,0.590273411911355,ATK_OBJ_S11_F0,3.5945421592971,1.73420161105736,13.184409018467,ATK_OBJ_PeakGain,16.5731921050582,41.3645946275075,16.0844855414133,15.3673072011804,17.1885237094952,2.60024705829661,87,sim_087
2.25,2.25,2.25,-4.19934388816036,-4.19934388816036,4.19934388816036,0.616641579768618,ATK_OBJ_S11_F0,4.07732461890593,1.99951213190524,23.5811548564545,ATK_OBJ_PeakGain,16.9103718988502,42.9588993734663,17.3453810946355,17.303552102458,19.5449273103307,3.91205364662874,88,sim_088
2.25,2.25,2.25,-4.70265736595877,-4.70265736595877,4.70265736595877,0.581925156024733,ATK_OBJ_S11_F0,3.87849165767895,2.08289134452001,11.2822725440091,ATK_OBJ_PeakGain,17.2994594910953,46.6397421096763,16.1934606233001,13.0822226873058,18.352654377141,3.68712966127517,89,sim_089
2.25,2.25,2.25,-0.709000508128774,-0.709000508128774,0.709000508128774,0.921615933674041,ATK_OBJ_S11_F0,5.57308592219594,-2.64797027021572,6.14274695530802,ATK_OBJ_PeakGain,17.0329798298542,43.9199822067034,16.1495498439545,16.0918165028095,22.2222721521203,3.30154825633934,90,sim_090
2.25,2.25,2.25,-3.73894169527663,-3.73894169527663,3.73894169527663,0.65020890816282,ATK_OBJ_S11_F0,4.77508979110362,2.38856651370483,22.8051106094648,ATK_OBJ_PeakGain,18.476006611507,46.0650747270685,14.7924743282533,16.7401018236889,21.9249338872713,4.40584262533468,91,sim_091
2.25,2.25,2.25,-5.35745864375928,-5.35745864375928,5.35745864375928,0.539668498028608,ATK_OBJ_S11_F0,4.21577480709253,2.72075400893894,35.7671180224643,ATK_OBJ_PeakGain,16.6290759541745,45.9995082888613,17.3647288986528,17.646620306758,19.3546950554025,2.62070867504131,92,sim_092
2.25,2.25,2.25,-1.16905736194209,-1.16905736194209,1.16905736194209,0.874071846280289,ATK_OBJ_S11_F0,5.19749021151021,-1.07341906382479,10.7328062209407,ATK_OBJ_PeakGain,18.4086478300757,46.7362693979569,17.76354247509,13.890039017061,21.6137192616165,3.22862731958291,93,sim_093
2.25,2.25,2.25,-3.36619795261308,-3.36619795261308,3.36619795261308,0.678719149101569,ATK_OBJ_S11_F0,4.58765853246279,1.90628739028737,33.5805180895175,ATK_OBJ_PeakGain,17.896506275908,45.4867384977472,18.216592867714,17.3756753901298,20.9285430148828,4.23443170799645,94,sim_094
2.25,2.25,2.25,-4.48770364437318,-4.48770364437318,4.48770364437318,0.596506001881207,ATK_OBJ_S11_F0,3.61128546722125,1.70136181355707,9.99367930923182,ATK_OBJ_PeakGain,14.8216693962972,40.2386371413618,16.5153384333587,16.4742745216446,17.2779655006514,4.03197647564199,95,sim_095
2.25,2.25,2.25,-4.2400809009281,-4.2400809009281,4.2400809009281,0.613756288573094,ATK_OBJ_S11_F0,4.17100056631473,2.11799425876999,9.1282178542761,ATK_OBJ_PeakGain,16.4026634201521,44.0285077539068,15.4786895654624,12.8180422799737,20.6950526470668,3.26784740744436,96,sim_096
2.25,2.25,2.25,-3.14197167538726,-3.14197167538726,3.14197167538726,0.696468399567753,ATK_OBJ_S11_F0,3.94276650863692,1.06026337052454,7.66383111530817,ATK_OBJ_PeakGain,14.9434677722624,43.156234093386,16.5821577781017,12.3652467619601,20.2768627054903,4.26583992571593,97,sim_097
2.25,2.25,2.25,-5.02457725765969,-5.02457725765969,5.02457725765969,0.560752394955812,ATK_OBJ_S11_F0,3.73877938429034,2.09921350676951,18.4063108313134,ATK_OBJ_PeakGain,17.9078187560465,43.7925872219719,16.603644550112,15.9641594691478,17.44747555574,3.74692170092666,98,sim_098
2.25,2.25,2.25,-4.61020222262243,-4.61020222262243,4.61020222262243,0.588152420772017,ATK_OBJ_S11_F0,3.74890993119879,1.90519691650387,10.4297698233966,ATK_OBJ_PeakGain,16.2366275948568,40.1069846641174,15.2419819056484,13.727966568311,18.0774824041909,2.97372970406257,99,sim_099
2.25,2.25,2.25,-2.93590047152578,-2.93590047152578,2.93590047152578,0.71318955881465,ATK_OBJ_S11_F0,4.97337800951346,1.88738177386703,19.1896962682757,ATK_OBJ_PeakGain,17.616067287832,46.5982659985781,14.9297952760385,16.7370317371705,20.7256477781691,3.18410555042447,100,sim_100
2.25,2.25,2.25,-7.02785749975873,-7.02785749975873,7.02785749975873,0.4452532775333,ATK_OBJ_S11_F0,3.94362840508392,2.98401548475688,13.4614494507204,ATK_OBJ_PeakGain,15.9612094235834,43.8267547141137,14.9838649066094,17.6981813929765,18.4810459710014,2.43008537668318,101,sim_101
2.25,2.25,2.25,-5.10513926108456,-5.10513926108456,5.10513926108456,0.555575437517156,ATK_OBJ_S11_F0,3.8212393000821,2.21813060587885,13.7827013994989,ATK_OBJ_PeakGain,18.2679851554123,45.8161484160387,17.5979178314759,14.7666355336782,18.2065626028645,2.52422894800317,102,sim_102
2.25,2.25,2.25,-0.910778495910462,-0.910778495910462,0.910778495910462,0.900453053639156,ATK_OBJ_S11_F0,4.97564274523151,-2.25550637235525,9.03391603462956,ATK_OBJ_PeakGain,15.6105375166102,42.7023131335898,17.9619817929936,13.4244801412619,21.3422319243407,2.11569284318672,103,sim_103
2.25,2.25,2.25,-4.27174055248176,-4.27174055248176,4.27174055248176,0.611523248443287,ATK_OBJ_S11_F0,3.9802156953182,1.94623178224754,11.8354632451576,ATK_OBJ_PeakGain,17.8683359893586,43.1116803745652,15.2608833114353,13.0012803334777,19.6510914609134,3.61916454050761,104,sim_104
2.25,2.25,2.25,-1.77834672573646,-1.77834672573646,1.77834672573646,0.814859369783713,ATK_OBJ_S11_F0,4.89325839049767,0.15670554749237,14.4341913094897,ATK_OBJ_PeakGain,17.1331371978195,43.0336386912068,16.4911459031161,16.005713401109,21.1723844382821,4.1619344358797,105,sim_105
2.25,2.25,2.25,-4.95447097881237,-4.95447097881237,4.95447097881237,0.565296701103477,ATK_OBJ_S11_F0,4.16001867414964,2.48791473370876,27.0002173651766,ATK_OBJ_PeakGain,14.9325594671838,41.8713963869966,16.7754499013438,17.7379461778065,21.3946448631225,2.1783468442055,106,sim_106
2.25,2.25,2.25,-4.69667837292758,-4.69667837292758,4.69667837292758,0.5823258661859,ATK_OBJ_S11_F0,4.57587794089631,2.77721302244563,22.7280529889369,ATK_OBJ_PeakGain,17.1058396815992,46.2269246365984,16.9262388011499,16.6520507166141,21.4543172498602,2.56562605775737,107,sim_107
2.25,2.25,2.25,-7.26587097123703,-7.26587097123703,7.26587097123703,0.433217958485832,ATK_OBJ_S11_F0,4.25816263067106,3.35544585560553,11.1595756256742,ATK_OBJ_PeakGain,15.128633023405,46.7936404051173,14.6235796495863,15.4930898123244,19.4281787715997,2.34909590900299,108,sim_108
2.25,2.25,2.25,-5.55853656611182,-5.55853656611182,5.55853656611182,0.527318698730244,ATK_OBJ_S11_F0,3.64214067244181,2.22712158485968,7.08474606141142,ATK_OBJ_PeakGain,15.2603097425127,41.8110941125796,15.126779113565,13.775215591121,18.1576344253215,3.63835727935694,109,sim_109
2.25,2.25,2.25,-2.87082315965808,-2.87082315965808,2.87082315965808,0.718553058054238,ATK_OBJ_S11_F0,4.01879654313873,0.864391334689713,14.549788207015,ATK_OBJ_PeakGain,17.9596812744876,42.6857693609459,17.9042029127409,12.6607832132446,21.0397246261502,3.62874250483201,110,sim_110
2.25,2.25,2.25,-3.43422505306689,-3.43422505306689,3.43422505306689,0.673424243911314,ATK_OBJ_S11_F0,4.30470362888814,1.68060360473129,14.0675601665008,ATK_OBJ_PeakGain,17.9633433681983,46.3196651498849,17.0902030503953,14.0986403482224,20.6220537275354,3.49489479417695,111,sim_111
2.25,2.25,2.25,-5.66702611343507,-5.66702611343507,5.66702611343507,0.520773281337004,ATK_OBJ_S11_F0,3.70839827337214,2.33445324666353,16.0828537914197,ATK_OBJ_PeakGain,16.8821243268986,46.901446793413,17.2981272864653,17.2629178955958,17.202191199642,2.04004123931695,112,sim_112
2.25,2.25,2.25,-5.49437905771395,-5.49437905771395,5.49437905771395,0.531228109267325,ATK_OBJ_S11_F0,3.81150386818091,2.37151841727596,8.93834963818514,ATK_OBJ_PeakGain,16.0874481948011,44.1509023972618,16.392578478773,13.6488467571931,19.2715857341568,2.24544853998609,113,sim_113
2.25,2.25,2.25,-6.12270371705952,-6.12270371705952,6.12270371705952,0.494156843419019,ATK_OBJ_S11_F0,3.77249570892349,2.55661638086311,11.0929003255577,ATK_OBJ_PeakGain,15.8639623680509,45.5404977946531,14.7420306777762,14.8128724345201,17.0882940547151,3.17247962822288,114,sim_114
2.25,2.25,2.25,-4.66910239438359,-4.66910239438359,4.66910239438359,0.584177573272879,ATK_OBJ_S11_F0,3.81961840512074,2.00673609947993,12.2878379175247,ATK_OBJ_PeakGain,18.0897937527603,40.844694302649,15.5278170950545,15.4502204598331,17.88500672168,2.70627126315455,115,sim_115
2.25,2.25,2.25,-3.69745142729066,-3.69745142729066,3.69745142729066,0.653322219246712,ATK_OBJ_S11_F0,4.78658692629528,2.36942202741439,35.0891742875707,ATK_OBJ_PeakGain,16.3467898682678,42.2474410536676,17.1610923323045,17.3304011592138,21.3056427621959,2.55813515169936,116,sim_116
2.25,2.25,2.25,-3.41654399792643,-3.41654399792643,3.41654399792643,0.674796466993398,ATK_OBJ_S11_F0,4.18904169726703,1.55021460913365,33.9074197338089,ATK_OBJ_PeakGain,17.6390326092956,41.4663229586404,17.3300256582641,17.0611785226275,18.9028388660959,4.02244943731945,117,sim_117
2.25,2.25,2.25,-5.96442007835556,-5.96442007835556,5.96442007835556,0.503244452415674,ATK_OBJ_S11_F0,4.33088951644363,3.0626128729224,19.9283440392489,ATK_OBJ_PeakGain,15.3584066407967,46.5125008484475,14.5686344234377,17.5393538635982,18.8196955881828,4.34041717210089,118,sim_118
2.25,2.25,2.25,-4.70240304159137,-4.70240304159137,4.70240304159137,0.581942195144509,ATK_OBJ_S11_F0,4.05964883096165,2.26391829066496,18.512000897438,ATK_OBJ_PeakGain,15.6810535399536,42.6334870295628,15.8399512069902,16.5765692953352,19.8830879078782,3.59501048673043,119,sim_119
2.25,2.25,2.25,-4.91853972606492,-4.91853972606492,4.91853972606492,0.56764002917045,ATK_OBJ_S11_F0,4.11407378228032,2.42499201611086,14.4049189484601,ATK_OBJ_PeakGain,16.7947571619103,43.5018814037273,15.9562320516199,13.8665432618935,20.3770235400738,2.93890577972979,120,sim_120
2.25,2.25,2.25,-3.98324148176151,-3.98324148176151,3.98324148176151,0.632175886022649,ATK_OBJ_S11_F0,3.57902354595783,1.36309509347088,11.3760575852933,ATK_OBJ_PeakGain,18.165382388528,42.0454602719973,16.549713033398,13.1331709864084,16.6122109640887,4.16894707066495,121,sim_121
2.25,2.25,2.25,-2.42910529794539,-2.42910529794539,2.42910529794539,0.756039933265324,ATK_OBJ_S11_F0,4.16979292425985,0.488324236775945,12.7456643227785,ATK_OBJ_PeakGain,15.8084567123002,40.2804649120164,18.3378889551113,14.226840849708,22.370784552415,3.02297300863588,122,sim_122
2.25,2.25,2.25,-4.81220553581925,-4.81220553581925,4.81220553581925,0.574631888815711,ATK_OBJ_S11_F0,3.57704502586619,1.83648473722932,13.9234217618908,ATK_OBJ_PeakGain,15.9509574180243,43.0064016972841,17.5627509318953,16.1211259415692,17.634722346401,2.91150987634998,123,sim_123
2.25,2.25,2.25,-3.26089797892436,-3.26089797892436,3.26089797892436,0.686997412046681,ATK_OBJ_S11_F0,3.39558181708768,0.6222052643967,9.91969328275806,ATK_OBJ_PeakGain,17.3988547396855,41.9318830366979,16.4278000982889,15.1167278646308,17.0348393264742,4.04372784911819,124,sim_124
2.25,2.25,2.25,-3.51174106730069,-3.51174106730069,3.51174106730069,0.667441100467462,ATK_OBJ_S11_F0,4.33906872478868,1.77825949002266,14.1110154766231,ATK_OBJ_PeakGain,16.7683548820863,42.9082679680864,14.8985471245,14.3356913072318,22.0888010380203,4.1784701390283,125,sim_125
2.25,2.25,2.25,-4.17620251876347,-4.17620251876347,4.17620251876347,0.618286656714421,ATK_OBJ_S11_F0,3.47397479082472,1.38190273872603,7.37226452847613,ATK_OBJ_PeakGain,15.6796610493294,43.0557578414856,18.1383498766483,14.1720730064944,17.5892810772727,3.40815649950935,126,sim_126
2.25,2.25,2.25,-5.10537067551604,-5.10537067551604,5.10537067551604,0.555560635756289,ATK_OBJ_S11_F0,3.63747971224711,2.03447433477233,6.85288310943757,ATK_OBJ_PeakGain,15.1860290989742,41.9759620183395,15.2942714802319,13.3295405735249,18.7056908939533,3.13646623504751,127,sim_127
2.25,2.25,2.25,-4.36527168230869,-4.36527168230869,4.36527168230869,0.604973589799767,ATK_OBJ_S11_F0,3.73440462715026,1.7553448523647,12.0880872108378,ATK_OBJ_PeakGain,18.214021975118,42.3485584287769,16.2123667476724,15.078259062919,17.2897589697748,3.09387299316893,128,sim_128
2.25,2.25,2.25,-4.83627875416635,-4.83627875416635,4.83627875416635,0.573041483276178,ATK_OBJ_S11_F0,3.95138419169743,2.22264275925715,12.5085753532733,ATK_OBJ_PeakGain,16.1333267770317,42.4848386404679,16.0068657578048,15.7173058568008,19.7949552753146,3.22467739354753,129,sim_129
2.25,2.25,2.25,-3.40793443208472,-3.40793443208472,3.40793443208472,0.675465665559485,ATK_OBJ_S11_F0,4.39679219837991,1.75075402525246,12.6813327296349,ATK_OBJ_PeakGain,15.5907825293009,46.9766232491708,18.0387205465338,12.417272945634,21.7143088437223,2.28996598677622,130,sim_130
2.25,2.25,2.25,-4.29529470716619,-4.29529470716619,4.29529470716619,0.609867183104919,ATK_OBJ_S11_F0,3.92765339159817,1.9076787010606,16.7427161972357,ATK_OBJ_PeakGain,16.8539621104036,40.6404071385561,15.5624954808132,17.7777478322672,19.2467099478384,4.36388981229736,131,sim_131
2.25,2.25,2.25,-3.48020114430249,-3.48020114430249,3.48020114430249,0.669869096680587,ATK_OBJ_S11_F0,4.10636425630119,1.52005033405652,30.1909708537529,ATK_OBJ_PeakGain,18.1933305582681,45.2171715827462,17.9346117072301,15.3999771422201,19.1178889210119,4.24121692866711,132,sim_132
2.25,2.25,2.25,-3.88295017796782,-3.88295017796782,3.88295017796782,0.639517585297115,ATK_OBJ_S11_F0,4.45107524944908,2.16707687698109,38.1675503248683,ATK_OBJ_PeakGain,17.763562649088,43.9654385390161,18.4929295486485,17.5755919088763,20.8404169860691,3.29245523169452,133,sim_133
2.25,2.25,2.25,-4.93700130262342,-4.93700130262342,4.93700130262342,0.566434809989881,ATK_OBJ_S11_F0,3.90141520679179,2.22108252711648,12.0654635991066,ATK_OBJ_PeakGain,18.0225602879944,40.4566222942714,14.6166630397134,15.5832719367912,17.7970095943633,2.44275944604186,134,sim_134
2.25,2.25,2.25,-1.57903445397713,-1.57903445397713,1.57903445397713,0.833773863933779,ATK_OBJ_S11_F0,4.46090021239222,-0.698648903508398,10.8244752840981,ATK_OBJ_PeakGain,14.9799816078952,40.787689984986,17.7479656445644,12.8971306643465,22.4236927609384,3.76639344197063,135,sim_135
2.25,2.25,2.25,-0.589678734513247,-0.589678734513247,0.589678734513247,0.934363926989121,ATK_OBJ_S11_F0,5.31032437921918,-3.65286787999376,6.11497524020568,ATK_OBJ_PeakGain,17.5834224213271,40.4116499060342,18.1149964441872,15.2109953821786,21.0115370068353,2.85867303963665,136,sim_136
2.25,2.25,2.25,-5.15553865192746,-5.15553865192746,5.15553865192746,0.552361076578775,ATK_OBJ_S11_F0,4.12692936494301,2.54613523917325,22.2701575186266,ATK_OBJ_PeakGain,17.5406520164106,45.9720874499725,16.7167044102096,17.595972794475,18.5561580431609,4.27614839791589,137,sim_137
2.25,2.25,2.25,-3.51344788332121,-3.51344788332121,3.51344788332121,0.667309958202367,ATK_OBJ_S11_F0,3.76910527628191,1.20966673280551,7.98438943449035,ATK_OBJ_PeakGain,16.1712239958542,41.9981462077772,17.4664492079472,12.5914949203951,19.7097511116289,2.99252610773796,138,sim_138
2.25,2.25,2.25,-4.0853891361836,-4.0853891361836,4.0853891361836,0.624784926415638,ATK_OBJ_S11_F0,4.27473787473576,2.12549945867411,12.924827347109,ATK_OBJ_PeakGain,15.077637330009,41.8228301848096,15.0110452323372,15.6353790553147,21.5026566120503,4.05368976005037,139,sim_139
2.25,2.25,2.25,-5.86840559043312,-5.86840559043312,5.86840559043312,0.508838215035874,ATK_OBJ_S11_F0,3.70746275070967,2.40613519173173,7.20922296852241,ATK_OBJ_PeakGain,14.5933835060907,44.5072034187792,15.4995825826487,12.610095987774,17.8494136454829,3.89133120973783,140,sim_140
2.25,2.25,2.25,-0.663927877714498,-0.663927877714498,0.663927877714498,0.926410793049921,ATK_OBJ_S11_F0,5.13247073121048,-3.35189901401051,8.48692174498946,ATK_OBJ_PeakGain,14.5038086653436,44.3716797160478,17.0509861706604,16.1756313884573,18.1270434792199,2.45131951413419,141,sim_141
2.25,2.25,2.25,-1.94490563070224,-1.94490563070224,1.94490563070224,0.799382650872542,ATK_OBJ_S11_F0,4.23898179800554,-0.186098038475054,12.120495887402,ATK_OBJ_PeakGain,15.0473783309213,40.5086820183118,17.7066084721921,13.7496578154955,20.2358567726566,3.20742284505705,142,sim_142
2.25,2.25,2.25,-1.61013476654908,-1.61013476654908,1.61013476654908,0.830793828360165,ATK_OBJ_S11_F0,5.49922707018248,0.409783462458353,15.3466874357616,ATK_OBJ_PeakGain,17.7092145187452,43.7138203974215,15.2323894311036,17.8621157013369,22.471543081607,3.95353409395306,143,sim_143
2.25,2.25,2.25,-1.90128862149391,-1.90128862149391,1.90128862149391,0.803406921473783,ATK_OBJ_S11_F0,4.16271103472658,-0.340669408509179,10.5479999533702,ATK_OBJ_PeakGain,16.1996327590194,46.2939033100249,17.18721273142,12.3164569889957,17.5127062641295,3.47694027026174,144,sim_144
2.25,2.25,2.25,-4.96359904301111,-4.96359904301111,4.96359904301111,0.564702938763765,ATK_OBJ_S11_F0,4.01149851530051,2.34367484941513,7.99699654951789,ATK_OBJ_PeakGain,14.7431280990445,44.5268334201581,16.91513019087,13.0514621577835,20.5080593929883,2.46250823334483,145,sim_145
2.25,2.25,2.25,-4.89148979764538,-4.89148979764538,4.89148979764538,0.569410550856925,ATK_OBJ_S11_F0,3.54504845194445,1.84304797134401,7.92959067268513,ATK_OBJ_PeakGain,15.2971104561169,42.1452890568559,16.1282780149738,14.4465819639954,18.3857150612737,2.09104494271348,146,sim_146
2.25,2.25,2.25,-3.32936568896391,-3.32936568896391,3.32936568896391,0.681603348872831,ATK_OBJ_S11_F0,4.10427914265063,1.39119969049023,11.4167519878347,ATK_OBJ_PeakGain,14.6328952907374,43.1411209699696,16.3498469020877,14.9782443421451,21.0896483141777,4.45688513593725,147,sim_147
2.25,2.25,2.25,-5.75046694670918,-5.75046694670918,5.75046694670918,0.515794435617018,ATK_OBJ_S11_F0,4.08175922048649,2.73846006464835,15.696400225435,ATK_OBJ_PeakGain,14.9875254442056,41.295361781642,14.9538948646627,17.977245052252,20.0078845341728,2.6858862773938,148,sim_148
2.25,2.25,2.25,-3.1755999761352,-3.1755999761352,3.1755999761352,0.693777164731705,ATK_OBJ_S11_F0,4.17685115592066,1.32578962301867,11.4599830502387,ATK_OBJ_PeakGain,17.5638184739047,44.4116956568739,15.3794546777016,13.2972943553822,20.5922854480032,4.47552816781666,149,sim_149
2.25,2.25,2.25,-3.80387153825504,-3.80387153825504,3.80387153825504,0.645366507437052,ATK_OBJ_S11_F0,3.84550609279464,1.50593011145632,11.6783596115491,ATK_OBJ_PeakGain,14.5485650598596,41.5283770642551,17.1065550992099,14.6746247834751,20.0700102438665,3.51130902476833,150,sim_150
2.25,2.25,2.25,-2.98705438078775,-2.98705438078775,2.98705438078775,0.709001707268233,ATK_OBJ_S11_F0,4.57369656922147,1.54002594512708,12.2015852445334,ATK_OBJ_PeakGain,17.6696404412206,46.8811213794341,15.8167560636616,13.2886924908302,22.1862263496829,3.83913717607956,151,sim_151
2.25,2.25,2.25,-5.71720885687986,-5.71720885687986,5.71720885687986,0.517773187609797,ATK_OBJ_S11_F0,3.63192602911994,2.27650833400747,5.84222147361822,ATK_OBJ_PeakGain,16.2024122322659,44.0084135863028,15.9347814445455,12.3580698412655,18.2762319186599,2.13542161185154,152,sim_152
2.25,2.25,2.25,-3.33996628351097,-3.33996628351097,3.33996628351097,0.680772001278223,ATK_OBJ_S11_F0,4.01256506834477,1.30866286982303,9.60420554419504,ATK_OBJ_PeakGain,15.2317901496939,45.6955398306878,17.7390834891276,12.7745614331162,19.5965785076455,4.36000585468624,153,sim_153
2.25,2.25,2.25,-6.35185237564904,-6.35185237564904,6.35185237564904,0.481290601756122,ATK_OBJ_S11_F0,3.49821255034131,2.35385639276121,6.65593295733736,ATK_OBJ_PeakGain,15.7645237535951,44.259753871986,15.5006384525901,13.5818478554347,17.109774187882,2.81147350114998,154,sim_154
2.25,2.25,2.25,-3.28626697209344,-3.28626697209344,3.28626697209344,0.684993816973264,ATK_OBJ_S11_F0,4.38967382432036,1.63884772336742,15.3549635593267,ATK_OBJ_PeakGain,15.0076923824874,45.032348196813,18.2471373797237,14.3752743518483,21.5428784824982,2.35171629573057,155,sim_155
2.25,2.25,2.25,-4.37090442453665,-4.37090442453665,4.37090442453665,0.604581395592357,ATK_OBJ_S11_F0,4.06649103992129,2.09067955408771,18.7572910420707,ATK_OBJ_PeakGain,15.751659727655,43.4750791941465,18.3132530766857,15.8208111293113,20.1824260098522,2.05630915396947,156,sim_156
2.25,2.25,2.25,-3.99722594348016,-3.99722594348016,3.99722594348016,0.631158888702005,ATK_OBJ_S11_F0,3.98958592969164,1.78294181891431,16.429229496557,ATK_OBJ_PeakGain,14.5250361224494,41.6692386195235,16.845630031183,17.0756636991792,19.5224552687218,3.75506198100147,157,sim_157
2.25,2.25,2.25,-4.06217419772123,-4.06217419772123,4.06217419772123,0.626457034227083,ATK_OBJ_S11_F0,4.2814597440131,2.11729132081712,17.633412020236,ATK_OBJ_PeakGain,14.8658088132855,45.3394834442237,16.5646076613464,17.3400359519052,20.2962989829926,4.21466965201918,158,sim_158
2.25,2.25,2.25,-5.96384276162872,-5.96384276162872,5.96384276162872,0.503277902195447,ATK_OBJ_S11_F0,3.69393739423447,2.42546493909619,9.25350431877118,ATK_OBJ_PeakGain,16.4923418176879,44.9138782277404,16.8742225710236,15.309492585412,17.9201439694957,2.38218979515585,159,sim_159
2.25,2.25,2.25,-4.54156576438801,-4.54156576438801,4.54156576438801,0.592818450359371,ATK_OBJ_S11_F0,4.48166787493294,2.60121156041483,32.1680854362279,ATK_OBJ_PeakGain,17.8453056181962,41.0871556733469,17.2524914583399,17.0009885095919,22.2549700098486,2.10757772415716,160,sim_160
2.25,2.25,2.25,-4.74891064413306,-4.74891064413306,4.74891064413306,0.578834579336541,ATK_OBJ_S11_F0,3.66620853538154,1.89410189894546,7.83384121827062,ATK_OBJ_PeakGain,15.8964875253338,42.4073061436022,17.6318121730584,13.9987576554054,19.0965771653408,2.2776805717552,161,sim_161
2.25,2.25,2.25,-5.07031543872626,-5.07031543872626,5.07031543872626,0.55780734431609,ATK_OBJ_S11_F0,4.02431999234139,2.40557271399275,18.3414073193599,ATK_OBJ_PeakGain,17.7996532679944,43.5468154352418,14.9732087593263,16.2462918652603,18.9887262935089,4.00649915318821,162,sim_162
2.25,2.25,2.25,-4.3094572567806,-4.3094572567806,4.3094572567806,0.60887359041797,ATK_OBJ_S11_F0,3.68836508209969,1.67675572341022,11.9982812116637,ATK_OBJ_PeakGain,17.2346049758454,40.7562753067542,16.2809510934623,15.4331711161016,18.2367849995795,2.19986482262049,163,sim_163
2.25,2.25,2.25,-4.35782698473867,-4.35782698473867,4.35782698473867,0.605492336443088,ATK_OBJ_S11_F0,3.75249113268142,1.76912794209441,11.2493891879504,ATK_OBJ_PeakGain,16.0468775400823,41.1809438917326,16.8269756961702,17.8286228180245,17.3506951085138,2.39362393953017,164,sim_164
2.25,2.25,2.25,-4.54123941563406,-4.54123941563406,4.54123941563406,0.592840724323832,ATK_OBJ_S11_F0,3.8263994044805,1.94576624358266,9.66241694883629,ATK_OBJ_PeakGain,18.0116813866656,45.7436684634691,16.8090268116071,12.9150497732024,18.7963920567898,2.74618591513984,165,sim_165
2.25,2.25,2.25,-2.05872814872947,-2.05872814872947,2.05872814872947,0.788975636724189,ATK_OBJ_S11_F0,4.66065012261458,0.430020369489093,12.0681687565287,ATK_OBJ_PeakGain,14.8821553803049,45.1144760932924,17.6848180999424,14.0328463855701,22.0604004525376,3.54264277284235,166,sim_166
2.25,2.25,2.25,-7.23280544181097,-7.23280544181097,7.23280544181097,0.43487027987846,ATK_OBJ_S11_F0,3.92529980952132,3.01490768606734,17.9720784402177,ATK_OBJ_PeakGain,16.618126163013,46.6692339037455,15.1543009002659,16.6128722414637,17.4186840837198,2.52543470925125,167,sim_167
2.25,2.25,2.25,-6.21894156132278,-6.21894156132278,6.21894156132278,0.488711908806675,ATK_OBJ_S11_F0,3.98808734212485,2.80285074047511,11.7225156024969,ATK_OBJ_PeakGain,18.0775930744896,44.9869830293005,14.5171236458401,14.5672816770449,18.6538987405593,2.91616039444961,168,sim_168
2.25,2.25,2.25,-5.68665408256982,-5.68665408256982,5.68665408256982,0.519597790773959,ATK_OBJ_S11_F0,4.34039782062725,2.9737343148447,11.5278431531825,ATK_OBJ_PeakGain,15.4763552111874,46.3661666487715,15.3456301539024,14.1224298851293,20.7823762470462,2.23501802172222,169,sim_169
2.25,2.25,2.25,-5.62542906970639,-5.62542906970639,5.62542906970639,0.523273265141474,ATK_OBJ_S11_F0,3.85583477434256,2.46630805180597,8.10533994085501,ATK_OBJ_PeakGain,16.5052145599811,44.7879636097584,14.6746210165945,12.6493660351794,17.7337660869406,4.19183127488204,170,sim_170
2.25,2.25,2.25,-5.62358618157078,-5.62358618157078,5.62358618157078,0.523384299985454,ATK_OBJ_S11_F0,4.08169886588998,2.69147706199587,13.2580682721029,ATK_OBJ_PeakGain,17.9918871250133,45.7307019379294,14.8427552578504,15.0036965855497,18.2646718202028,3.7760414493103,171,sim_171
2.25,2.25,2.25,-3.29738829716231,-3.29738829716231,3.29738829716231,0.684117319081064,ATK_OBJ_S11_F0,3.9100136906604,1.16899526376616,14.8778681178018,ATK_OBJ_PeakGain,17.4604502518548,42.5567966160139,17.876734455635,14.7151319358028,19.7107545150429,4.08138882963679,172,sim_172
2.25,2.25,2.25,-2.98021062549281,-2.98021062549281,2.98021062549281,0.709560561510023,ATK_OBJ_S11_F0,4.37102396562893,1.33042475392427,11.6000628186183,ATK_OBJ_PeakGain,14.7285051864043,45.2875509854685,17.5427720343148,13.6604178393816,22.1524328664277,3.45458541759815,173,sim_173
2.25,2.25,2.25,-4.00760230598509,-4.00760230598509,4.00760230598509,0.630405342043566,ATK_OBJ_S11_F0,4.17102742901429,1.97124017929632,8.51457396796767,ATK_OBJ_PeakGain,16.3262543777364,42.5230984610886,15.1117641877078,12.1227644305442,21.8919422240392,2.65924349381109,174,sim_174
2.25,2.25,2.25,-3.49992564534777,-3.49992564534777,3.49992564534777,0.668349638881495,ATK_OBJ_S11_F0,4.1737366730149,1.60341213495096,15.3506770003323,ATK_OBJ_PeakGain,15.6432296948862,40.692942280244,17.2273231360091,15.604435484041,22.2834412200083,3.03155925204927,175,sim_175
2.25,2.25,2.25,-3.75007553297273,-3.75007553297273,3.75007553297273,0.649375984542477,ATK_OBJ_S11_F0,4.52994139916398,2.15155465833994,17.662114999436,ATK_OBJ_PeakGain,15.423575323735,46.858005284885,17.8561351908932,17.105945091032,21.3710185774539,3.33505651096823,176,sim_176
2.25,2.25,2.25,-3.46039292980487,-3.46039292980487,3.46039292980487,0.671398479705495,ATK_OBJ_S11_F0,4.78454718434599,2.18204289627132,27.754954963656,ATK_OBJ_PeakGain,18.308457713782,46.1839300450343,17.8100756157155,16.9101681071237,22.4023460356873,3.11021138973812,177,sim_177
2.25,2.25,2.25,-4.63059883205612,-4.63059883205612,4.63059883205612,0.5867729142874,ATK_OBJ_S11_F0,3.83231654039639,1.99935213028897,8.00165743844291,ATK_OBJ_PeakGain,16.8218845867778,43.85462290345,16.9897918867745,12.4329453354871,19.4067680156469,2.63986839352107,178,sim_178
2.25,2.25,2.25,-3.1379724966762,-3.1379724966762,3.1379724966762,0.696789143097627,ATK_OBJ_S11_F0,4.08702142292542,1.20074766756649,12.7040979789761,ATK_OBJ_PeakGain,16.5319704733751,45.415295358888,16.4175409744677,13.6108321172905,20.4072781015884,4.46404616821081,179,sim_179
2.25,2.25,2.25,-4.86399669308293,-4.86399669308293,4.86399669308293,0.571215739097913,ATK_OBJ_S11_F0,3.7497490343124,2.03449559906623,9.98140699371355,ATK_OBJ_PeakGain,16.7494184851272,46.4788623718225,18.2870628362588,15.2777035368981,17.7638879092751,4.13526245598739,180,sim_180
2.25,2.25,2.25,-4.53307608408142,-4.53307608408142,4.53307608408142,0.593398160637744,ATK_OBJ_S11_F0,3.83738706321989,1.95232356760818,18.8954623641046,ATK_OBJ_PeakGain,18.153918986266,42.7341122498253,17.8889888711314,17.2202927594966,18.6667520364638,2.08297372025014,181,sim_181
2.25,2.25,2.25,-3.64351443368594,-3.64351443368594,3.64351443368594,0.657391793527385,ATK_OBJ_S11_F0,3.45287128991165,0.995100745042202,10.5281529346213,ATK_OBJ_PeakGain,15.3139977569986,40.1974251273038,18.0192706057369,14.9559684921318,16.75050041757,2.97520149752353,182,sim_182
2.25,2.25,2.25,-0.566534069749543,-0.566534069749543,0.566534069749543,0.93685697932774,ATK_OBJ_S11_F0,5.30102516737002,-3.8247457628824,4.66019708954926,ATK_OBJ_PeakGain,17.1727706151654,46.3815084975165,16.3008459559583,14.8583817589576,20.8886125383944,2.0236994328455,183,sim_183
2.25,2.25,2.25,-4.17942123740982,-4.17942123740982,4.17942123740982,0.618057581491668,ATK_OBJ_S11_F0,4.3587477098141,2.2686663746166,15.8516218518715,ATK_OBJ_PeakGain,17.0606720767213,45.5178834207909,15.7994591666828,14.7583869046056,20.5778246402154,3.981442188214,184,sim_184
2.25,2.25,2.25,-3.448776806634,-3.448776806634,3.448776806634,0.672296978896442,ATK_OBJ_S11_F0,3.81737634029005,1.20531484389265,8.32882655815578,ATK_OBJ_PeakGain,16.6413761219824,44.8562196012086,17.0637841368624,12.7471932979953,18.8415394127045,4.39430652422933,185,sim_185
2.25,2.25,2.25,-5.44274689405211,-5.44274689405211,5.44274689405211,0.534395331288501,ATK_OBJ_S11_F0,3.80703376857277,2.3465797167776,7.47415635817346,ATK_OBJ_PeakGain,16.2863919947036,46.7754115006009,15.9133424060008,12.1917805372792,17.5677800026562,4.42008052760311,186,sim_186
2.25,2.25,2.25,-4.08104037112644,-4.08104037112644,4.08104037112644,0.625097815855182,ATK_OBJ_S11_F0,3.56096635683062,1.40894112882639,9.80004868710414,ATK_OBJ_PeakGain,15.7106172856139,40.9359011314796,17.5317287922936,17.1307456570153,16.6248869670065,2.509505452723,187,sim_187
2.25,2.25,2.25,-1.60972727439875,-1.60972727439875,1.60972727439875,0.830832805358383,ATK_OBJ_S11_F0,4.49120856119733,-0.599143109376603,14.0428903581994,ATK_OBJ_PeakGain,18.4530889141551,41.5832189420162,17.4535022483281,14.1501431038972,20.8151521730902,4.29819183589846,188,sim_188
2.25,2.25,2.25,-2.78800182256707,-2.78800182256707,2.78800182256707,0.725437344799292,ATK_OBJ_S11_F0,4.22745037296542,0.982856969282915,14.1740176035876,ATK_OBJ_PeakGain,15.5081523839408,46.2557235139594,18.4072204409839,14.3651151190613,21.1250268279063,3.82978585560415,189,sim_189
2.25,2.25,2.25,-3.41408407463827,-3.41408407463827,3.41408407463827,0.674987602581282,ATK_OBJ_S11_F0,4.16201316015495,1.52112840188586,14.3657417307056,ATK_OBJ_PeakGain,17.8363996244556,43.603970948378,17.4924055685414,13.9791449891493,21.1950660184623,3.18855811485772,190,sim_190
2.25,2.25,2.25,-3.89163636974672,-3.89163636974672,3.89163636974672,0.638878365140507,ATK_OBJ_S11_F0,4.28791572466108,2.0099180247344,10.1952806296772,ATK_OBJ_PeakGain,15.9143671788641,42.9003425602113,15.056223017702,13.4717079865631,22.0199798843708,3.25917341623477,191,sim_191
2.25,2.25,2.25,-3.97485431335479,-3.97485431335479,3.97485431335479,0.632786615213543,ATK_OBJ_S11_F0,3.64142898307609,1.41990832580687,11.3135132320126,ATK_OBJ_PeakGain,18.1393729866046,40.2480182085452,16.7403851495483,13.693509714382,17.380662214538,2.57914986665781,192,sim_192
2.25,2.25,2.25,-4.04554602688998,-4.04554602688998,4.04554602688998,0.627657465307855,ATK_OBJ_S11_F0,3.68482195862208,1.50987861159458,19.9507708818076,ATK_OBJ_PeakGain,17.3506266781313,42.0778252815712,17.9416774701657,16.1574741090521,18.5114123312865,2.89799686918593,193,sim_193
2.25,2.25,2.25,-5.28862725612214,-5.28862725612214,5.28862725612214,0.543962094317448,ATK_OBJ_S11_F0,4.17604091248377,2.65241667594851,25.212556537435,ATK_OBJ_PeakGain,17.0865029136364,45.1579219581515,17.1594960333437,17.5105991344349,19.8064098175536,2.87964654135021,194,sim_194
2.25,2.25,2.25,-4.34833657719931,-4.34833657719931,4.34833657719931,0.606154273184989,ATK_OBJ_S11_F0,3.36143265489838,1.37256660761041,10.4537818180536,ATK_OBJ_PeakGain,14.7821125840666,40.3389759965432,16.7330269906483,14.5115829825779,16.5419351737231,3.53535269087542,195,sim_195
2.25,2.25,2.25,-4.24282846067549,-4.24282846067549,4.24282846067549,0.613562173121772,ATK_OBJ_S11_F0,3.80087051685522,1.74952387008392,19.2855168892484,ATK_OBJ_PeakGain,17.3722191731749,43.6259279572384,18.3646247563233,16.6395012225578,17.9800100454114,2.95220648286202,196,sim_196
2.25,2.25,2.25,-5.77701020961643,-5.77701020961643,5.77701020961643,0.514220622205776,ATK_OBJ_S11_F0,4.27830310781679,2.94458541617625,10.1121892237123,ATK_OBJ_PeakGain,15.3355760448365,46.4326277380275,14.9080698228625,13.5218074365274,20.136888075959,2.81411899826293,197,sim_197
2.25,2.25,2.25,-4.46472571070773,-4.46472571070773,4.46472571070773,0.598086107280722,ATK_OBJ_S11_F0,4.18697059238117,2.26430253737194,8.99128046353616,ATK_OBJ_PeakGain,15.1484690583793,45.4378678521453,16.162440410365,12.8512154299752,20.7580836053251,2.26099854478022,198,sim_198
2.25,2.25,2.25,-1.82283544028651,-1.82283544028651,1.82283544028651,0.810696369206484,ATK_OBJ_S11_F0,4.91634589023999,0.266391634691436,14.8076653106857,ATK_OBJ_PeakGain,16.4418164657157,46.5522109750827,16.0253687764279,14.5374474624964,20.030495663541,3.06305098910585,199,sim_199
2.25,2.25,2.25,-3.77884741207818,-3.77884741207818,3.77884741207818,0.647228495063694,ATK_OBJ_S11_F0,4.29506673201061,1.93754017453042,22.6316382504909,ATK_OBJ_PeakGain,16.3653294298156,43.1880333291588,18.0651569234023,16.6834835553834,21.1188634138717,3.12108400023101,200,sim_200
